epoch,learning_rate,train_loss,train_rmse_db,train_mae_db,train_dpm_baseline_rmse_db,train_dpm_baseline_mae_db,train_calibrated_dpm_rmse_db,train_calibrated_dpm_mae_db,train_rmse_improvement_vs_dpm_db,train_mae_improvement_vs_dpm_db,train_rmse_improvement_vs_calibrated_db,train_mae_improvement_vs_calibrated_db,train_valid_pixels,val_loss,val_rmse_db,val_mae_db,val_dpm_baseline_rmse_db,val_dpm_baseline_mae_db,val_calibrated_dpm_rmse_db,val_calibrated_dpm_mae_db,val_rmse_improvement_vs_dpm_db,val_mae_improvement_vs_dpm_db,val_rmse_improvement_vs_calibrated_db,val_mae_improvement_vs_calibrated_db,val_valid_pixels,best_val_rmse_db,improved,patience_used
1,0.001,0.698578591920064,7.001414060490321,4.0184858323340125,13.464138692129614,12.383728711844704,8.37483941156628,5.629057510849979,6.4627246316392934,8.365242879510692,1.3734253510759586,1.6105716785159663,214833375.0,0.6727938883834415,6.875144183105636,3.9010266679096297,13.447068336201706,12.35624316925957,8.473371402111532,5.6851941982669505,6.57192415309607,8.45521650134994,1.5982272190058957,1.7841675303573208,28040518.0,6.875144183105636,True,0
2,0.001,0.6285897075605532,6.641137524763834,3.7148015543441515,13.465043486639452,12.384689596064858,8.375054359936877,5.63001220829864,6.823905961875618,8.669888041720707,1.7339168351730434,1.9152106539544889,214833375.0,0.6134762393103705,6.563759600024425,3.571919873234867,13.447068336201706,12.35624316925957,8.473371402111532,5.6851941982669505,6.883308736177281,8.784323296024702,1.909611802087107,2.1132743250320836,28040518.0,6.563759600024425,True,0
3,0.001,0.5677533499306597,6.311496599541981,3.4362204522458395,13.46513816468427,12.384414751665098,8.376166215432283,5.630097872362709,7.153641565142288,8.948194299419258,2.0646696158903017,2.19387742011687,214833375.0,0.5733553700976901,6.345894575082986,3.3959021682481043,13.447068336201706,12.35624316925957,8.473371402111532,5.6851941982669505,7.10117376111872,8.960341001011464,2.127476827028546,2.289292030018846,28040518.0,6.345894575082986,True,0
4,0.001,0.5467229827233424,6.193259217893228,3.333377647327842,13.464620094649966,12.384034138084923,8.375534153460604,5.629628632539055,7.271360876756738,9.050656490757081,2.182274935567376,2.296250985211213,214833375.0,0.5574624849690332,6.258466632669732,3.3843708860870545,13.447068336201706,12.35624316925957,8.473371402111532,5.6851941982669505,7.188601703531974,8.971872283172514,2.2149047694418,2.300823312179896,28040518.0,6.258466632669732,True,0
5,0.001,0.536936720357962,6.139045203521895,3.282197550194424,13.463832786556203,12.383542273168683,8.375406211430716,5.629334993922615,7.3247875830343085,9.10134472297426,2.2363610079088216,2.3471374437281916,214833375.0,0.5425919082429674,6.173972371161277,3.2961392599808605,13.447068336201706,12.35624316925957,8.473371402111532,5.6851941982669505,7.273095965040429,9.060103909278709,2.299399030950255,2.38905493828609,28040518.0,6.173972371161277,True,0
6,0.001,0.5279970717045569,6.08642122276359,3.239450068570584,13.463508409172256,12.383357536974877,8.374148680301142,5.628954963352412,7.377087186408666,9.143907468404294,2.2877274575375512,2.3895048947818283,214833375.0,0.5525933994187249,6.229613379710344,3.3083125506098,13.447068336201706,12.35624316925957,8.473371402111532,5.6851941982669505,7.217454956491363,9.047930618649769,2.243758022401188,2.3768816476571506,28040518.0,6.173972371161277,False,1
7,0.001,0.5226928095314161,6.05544406783905,3.212531613453915,13.465351328199253,12.384739057653402,8.375390134757598,5.629764296399477,7.409907260360202,9.172207444199486,2.319946066918548,2.417232682945562,214833375.0,0.5294949856069353,6.098504487023132,3.204873947942046,13.447068336201706,12.35624316925957,8.473371402111532,5.6851941982669505,7.348563849178574,9.151369221317523,2.3748669150883996,2.4803202503249047,28040518.0,6.098504487023132,True,0
8,0.001,0.5183446575994016,6.030338987029624,3.1899406318966967,13.464917626171921,12.384372467732259,8.375687790799027,5.629749232399296,7.434578639142297,9.194431835835562,2.3453488037694035,2.439808600502599,214833375.0,0.5272054678863949,6.085887683653027,3.2301305070398487,13.447068336201706,12.35624316925957,8.473371402111532,5.6851941982669505,7.361180652548679,9.12611266221972,2.3874837184585047,2.4550636912271018,28040518.0,6.085887683653027,True,0
9,0.001,0.5130860822116874,6.001333386879996,3.1658514476626363,13.46551974627029,12.384734397064701,8.377666102767696,5.630772597018503,7.464186359390294,9.218882949402065,2.3763327158877,2.464921149355867,214833375.0,0.5421616070800357,6.170921378857786,3.210055289456493,13.447068336201706,12.35624316925957,8.473371402111532,5.6851941982669505,7.27614695734392,9.146187879803076,2.302450023253746,2.4751389088104574,28040518.0,6.085887683653027,False,1
10,0.001,0.5081527608930191,5.972191829507306,3.142077931327011,13.463040333384464,12.383029068458288,8.375317842978712,5.628965662341804,7.490848503877158,9.240951137131278,2.4031260134714056,2.4868877310147925,214833375.0,0.5192527155081431,6.039289395643595,3.151281584741052,13.447068336201706,12.35624316925957,8.473371402111532,5.6851941982669505,7.407778940558111,9.204961584518518,2.4340820064679365,2.5339126135258985,28040518.0,6.039289395643595,True,0
11,0.001,0.5028344039693257,5.940020708147269,3.1127080114996097,13.464001382653379,12.383704966698028,8.376020482068789,5.629584206830061,7.5239806745061095,9.270996955198418,2.4359997739215196,2.5168761953304513,214833375.0,0.5118946346971723,5.99656454591929,3.124099327890448,13.447068336201706,12.35624316925957,8.473371402111532,5.6851941982669505,7.450503790282417,9.23214384136912,2.4768068561922423,2.5610948703765026,28040518.0,5.99656454591929,True,0
12,0.001,0.4990457553318169,5.9179432746854514,3.095482879464143,13.46451440498017,12.384188807954072,8.374868584562046,5.629487343388801,7.546571130294718,9.288705928489929,2.4569253098765946,2.534004463924658,214833375.0,0.553401999341117,6.23493736444795,3.3936562240932924,13.447068336201706,12.35624316925957,8.473371402111532,5.6851941982669505,7.212130971753756,8.962586945166276,2.2384340376635814,2.291537974173658,28040518.0,5.99656454591929,False,1
13,0.001,0.49512362803531884,5.893930854932618,3.069219099453239,13.462952859777703,12.38292810532814,8.37521613157143,5.628955402064507,7.569022004845085,9.313709005874902,2.481285276638811,2.5597363026112685,214833375.0,0.5108272380299038,5.990442931985696,3.2207075757302346,13.447068336201706,12.35624316925957,8.473371402111532,5.6851941982669505,7.45662540421601,9.135535593529335,2.4829284701258354,2.464486622536716,28040518.0,5.990442931985696,True,0
14,0.001,0.4903711618915681,5.8654449796466475,3.0432018846582847,13.464557584345018,12.384132808740727,8.37581858558316,5.629659228925673,7.59911260469837,9.340930924082443,2.510373605936512,2.5864573442673886,214833375.0,0.5032196634345585,5.945932871235409,3.0667573683018268,13.447068336201706,12.35624316925957,8.473371402111532,5.6851941982669505,7.501135464966297,9.289485800957742,2.5274385308761227,2.6184368299651237,28040518.0,5.945932871235409,True,0
15,0.001,0.4868829100887097,5.845106415148372,3.0236903856302586,13.463790419395226,12.383433279396183,8.374945036470704,5.62893073294594,7.6186840042468535,9.359742893765924,2.529838621322332,2.6052403473156813,214833375.0,0.5071083943049113,5.967351031298188,3.0908897372188346,13.447068336201706,12.35624316925957,8.473371402111532,5.6851941982669505,7.479717304903518,9.265353432040735,2.506020370813344,2.594304461048116,28040518.0,5.945932871235409,False,1
16,0.001,0.4847783225197946,5.831755957000745,3.013565249987345,13.462504389919388,12.382374891703861,8.374902996427677,5.628635386028823,7.630748432918644,9.368809641716517,2.543147039426932,2.6150701360414783,214833375.0,0.4949485805299547,5.8962397631969745,3.0128578535888675,13.447068336201706,12.35624316925957,8.473371402111532,5.6851941982669505,7.550828573004732,9.343385315670702,2.5771316389145573,2.672336344678083,28040518.0,5.8962397631969745,True,0
17,0.001,0.4815811686152237,5.812613005074988,2.9949778671493665,13.46463125396378,12.384159855283194,8.374998092138858,5.629660059802161,7.652018248888792,9.389181988133828,2.56238508706387,2.6346821926527944,214833375.0,0.5034472286701203,5.946629560545693,3.119154173614054,13.447068336201706,12.35624316925957,8.473371402111532,5.6851941982669505,7.500438775656013,9.237088995645514,2.5267418415658387,2.5660400246528967,28040518.0,5.8962397631969745,False,1
18,0.001,0.47851098134370845,5.794371337338428,2.978163748998497,13.462690312459078,12.382461486721978,8.375166786021257,5.628701959716454,7.668318975120649,9.40429773772348,2.580795448682829,2.6505382107179574,214833375.0,0.49333540598551434,5.886381266747275,2.988450529872522,13.447068336201706,12.35624316925957,8.473371402111532,5.6851941982669505,7.560687069454431,9.367792639387048,2.586990135364257,2.6967436683944284,28040518.0,5.886381266747275,True,0
19,0.001,0.47700729301947653,5.785178853358161,2.9701607559812344,13.464031371036388,12.383666398435532,8.375609516131446,5.6292803678664916,7.6788525176782265,9.413505642454297,2.5904306627732847,2.659119611885257,214833375.0,0.4908937222427792,5.871840878649148,3.052614303077425,13.447068336201706,12.35624316925957,8.473371402111532,5.6851941982669505,7.575227457552558,9.303628866182144,2.601530523462384,2.6325798951895254,28040518.0,5.871840878649148,True,0
20,0.001,0.47455242180055185,5.770169542659588,2.95756369383947,13.464850162707064,12.384204093055839,8.376316298551737,5.629915332056763,7.694680620047476,9.42664039921637,2.6061467558921496,2.672351638217293,214833375.0,0.4939787672625648,5.89026792565448,3.0402155908817377,13.447068336201706,12.35624316925957,8.473371402111532,5.6851941982669505,7.556800410547226,9.316027578377831,2.583103476457052,2.644978607385213,28040518.0,5.871840878649148,False,1
21,0.001,0.47290816929333374,5.760952845427786,2.9512332022433667,13.464471713615994,12.383916269992966,8.375923650743504,5.629576702758591,7.703518868188208,9.432683067749599,2.6149708053157177,2.6783435005152243,214833375.0,0.49689847032229106,5.907634900272346,3.150797191942032,13.447068336201706,12.35624316925957,8.473371402111532,5.6851941982669505,7.53943343592936,9.205445977317538,2.5657365018391856,2.5343970063249186,28040518.0,5.871840878649148,False,2
22,0.001,0.47048310974825863,5.744735061420609,2.9356333344388412,13.464529330504613,12.38435023887699,8.375746448664618,5.629773458150997,7.719794269084003,9.44871690443815,2.6310113872440084,2.694140123712156,214833375.0,0.4879571305380927,5.8535850604819,2.977220624098314,13.447068336201706,12.35624316925957,8.473371402111532,5.6851941982669505,7.593483275719806,9.379022545161256,2.6197863416296316,2.7079735741686366,28040518.0,5.8535850604819,True,0
23,0.001,0.467349800720942,5.726204281320126,2.9238989629753758,13.4641373770253,12.383554813119703,8.3749991831616,5.629173915016696,7.737933095705174,9.459655850144328,2.648794901841474,2.70527495204132,214833375.0,0.48524740934371946,5.837587895002784,2.9689865371780937,13.447068336201706,12.35624316925957,8.473371402111532,5.6851941982669505,7.609480441198922,9.387256632081476,2.635783507108748,2.716207661088857,28040518.0,5.837587895002784,True,0
24,0.001,0.4666201823617706,5.721818644709596,2.919392466952586,13.46394939046189,12.383357955904199,8.376037293311484,5.629430334672161,7.742130745752294,9.463965488951612,2.654218648601888,2.710037867719575,214833375.0,0.4796259217792087,5.803648921200484,2.957497776075321,13.447068336201706,12.35624316925957,8.473371402111532,5.6851941982669505,7.6434194150012225,9.398745393184248,2.669722480911048,2.7276964221916296,28040518.0,5.803648921200484,True,0
25,0.001,0.46471513383898916,5.70887179159007,2.909951613954303,13.46436281528077,12.38372390928551,8.37537334778127,5.629534186669087,7.7554910236907,9.473772295331209,2.6665015561912,2.719582572714784,214833375.0,0.47827616731325784,5.795544848773512,2.9543394022713847,13.447068336201706,12.35624316925957,8.473371402111532,5.6851941982669505,7.651523487428194,9.401903766988184,2.6778265533380194,2.730854795995566,28040518.0,5.795544848773512,True,0
26,0.001,0.46254337550607943,5.695912409730467,2.8987919020962174,13.464649623944174,12.384362520488262,8.376140132857554,5.6299837501971,7.768737214213707,9.485570618392044,2.6802277231270866,2.731191848100883,214833375.0,0.47579429149627683,5.780454738187235,2.9204968547656645,13.447068336201706,12.35624316925957,8.473371402111532,5.6851941982669505,7.666613598014472,9.435746314493905,2.692916663924297,2.764697343501286,28040518.0,5.780454738187235,True,0
27,0.001,0.4617100254007099,5.691059302421479,2.894435475865889,13.464669160299906,12.384060528304785,8.375764091848541,5.6298492855218605,7.7736098578784265,9.489625052438896,2.6847047894270624,2.7354138096559715,214833375.0,0.47631870706876117,5.783652010964057,2.9458585741889647,13.447068336201706,12.35624316925957,8.473371402111532,5.6851941982669505,7.663416325237649,9.410384595070605,2.6897193911474746,2.739335624077986,28040518.0,5.780454738187235,False,1
28,0.001,0.45954546734384777,5.678522845393783,2.886202106050794,13.464691558348402,12.384210630680638,8.37521503224026,5.629545704316194,7.78616871295462,9.498008524629844,2.6966921868464766,2.7433435982654,214833375.0,0.4743776824739244,5.7721182656745915,2.9397275444412263,13.447068336201706,12.35624316925957,8.473371402111532,5.6851941982669505,7.674950070527115,9.416515624818343,2.7012531364369403,2.745466653825724,28040518.0,5.7721182656745915,True,0
29,0.001,0.4590809796213055,5.675612618468837,2.884566557395935,13.464036126744862,12.383698631555735,8.375791023099303,5.629136396986734,7.788423508276025,9.4991320741598,2.700178404630466,2.744569839590799,214833375.0,0.48044988446765474,5.809089955998751,3.002358540148937,13.447068336201706,12.35624316925957,8.473371402111532,5.6851941982669505,7.637978380202955,9.353884629110631,2.6642814461127804,2.6828356581180133,28040518.0,5.7721182656745915,False,1
30,0.001,0.45663226402400175,5.661079857488813,2.8716856799484716,13.464239214948858,12.383775133868284,8.376139692173322,5.6293271232879905,7.803159357460045,9.512089453919812,2.7150598346845083,2.757641443339519,214833375.0,0.47118692927890354,5.752397570725328,2.9269301101177945,13.447068336201706,12.35624316925957,8.473371402111532,5.6851941982669505,7.694670765476379,9.429313059141775,2.720973831386204,2.758264088149156,28040518.0,5.752397570725328,True,0
31,0.001,0.4555074576059045,5.652372779852113,2.8652564033637695,13.463896031774835,12.383647899214914,8.375099178154972,5.629179437319737,7.811523251922722,9.518391495851144,2.722726398302859,2.763923033955967,214833375.0,0.4723324431313409,5.759580147983491,2.918185632305366,13.447068336201706,12.35624316925957,8.473371402111532,5.6851941982669505,7.687488188218215,9.438057536954203,2.713791254128041,2.7670085659615844,28040518.0,5.752397570725328,False,1
32,0.001,0.45371468649232144,5.641953149454967,2.859483534913977,13.464762790048463,12.384221909188923,8.375979309358467,5.629883174576576,7.822809640593496,9.524738374274946,2.7340261599035003,2.7703996396625987,214833375.0,0.4704484383265177,5.747660739683577,2.9069602646070947,13.447068336201706,12.35624316925957,8.473371402111532,5.6851941982669505,7.699407596518129,9.449282904652474,2.7257106624279546,2.778233933659856,28040518.0,5.747660739683577,True,0
33,0.001,0.4526185589102356,5.635832656066868,2.855318379593022,13.463932315290174,12.38375045311279,8.374018893331579,5.628831507790631,7.828099659223306,9.528432073519769,2.7381862372647108,2.773513128197609,214833375.0,0.46777336796124774,5.731543611287493,2.888568118195962,13.447068336201706,12.35624316925957,8.473371402111532,5.6851941982669505,7.715524724914213,9.467675051063607,2.741827790824039,2.7966260800709883,28040518.0,5.731543611287493,True,0
34,0.001,0.45137891566648514,5.627450116920286,2.8485479915539194,13.46357839489604,12.383286453978577,8.374545634479341,5.628825283199131,7.836128277975753,9.534738462424658,2.747095517559055,2.7802772916452114,214833375.0,0.4699280639489492,5.745424147984745,2.8744434081067975,13.447068336201706,12.35624316925957,8.473371402111532,5.6851941982669505,7.701644188216961,9.481799761152772,2.7279472541267866,2.810750790160153,28040518.0,5.731543611287493,False,1
35,0.001,0.45101473862824204,5.624894520734361,2.8465768793489374,13.46452054541774,12.383887920114834,8.376989246636086,5.629920801411791,7.839626024683379,9.537311040765896,2.752094725901725,2.783343922062854,214833375.0,0.46678709454006617,5.725778288113348,2.902095991058368,13.447068336201706,12.35624316925957,8.473371402111532,5.6851941982669505,7.721290048088358,9.4541471782012,2.7475931139981835,2.7830982072085826,28040518.0,5.725778288113348,True,0
36,0.001,0.44881475863219006,5.611382169405591,2.8375438726641056,13.462807680687195,12.382637338123091,8.373896265584444,5.628342834301234,7.8514255112816045,9.545093465458987,2.762514096178853,2.7907989616371287,214833375.0,0.46432891488075256,5.710021460261725,2.9001704738478797,13.447068336201706,12.35624316925957,8.473371402111532,5.6851941982669505,7.737046875939981,9.45607269541169,2.763349941849807,2.7850237244190708,28040518.0,5.710021460261725,True,0
37,0.001,0.4478250801388469,5.603700449748911,2.8293549698690903,13.464780480895259,12.384186446821868,8.376817966123646,5.630303954169133,7.861080031146348,9.554831476952778,2.773117516374735,2.8009489843000424,214833375.0,0.4657344791624281,5.719175346678161,2.887286840599735,13.447068336201706,12.35624316925957,8.473371402111532,5.6851941982669505,7.7278929895235455,9.468956328659834,2.754196055433371,2.7979073576672153,28040518.0,5.710021460261725,False,1
38,0.001,0.44712017760598416,5.602142138222748,2.830091848217252,13.464336310329832,12.38385435456665,8.376093557462822,5.629638102087257,7.862194172107085,9.553762506349397,2.773951419240074,2.799546253870005,214833375.0,0.4643408689233992,5.7105818062725495,2.864382676525448,13.447068336201706,12.35624316925957,8.473371402111532,5.6851941982669505,7.736486529929157,9.491860492734121,2.7627895958389823,2.8208115217415024,28040518.0,5.710021460261725,False,2
39,0.001,0.4458097363671949,5.593421703025179,2.823798337316071,13.464054905484836,12.383572477972754,8.375105565255355,5.6291372918663125,7.870633202459658,9.559774140656682,2.7816838622301763,2.8053389545502414,214833375.0,0.46200318071577284,5.696437497945514,2.8805044988826527,13.447068336201706,12.35624316925957,8.473371402111532,5.6851941982669505,7.750630838256193,9.475738670376916,2.776933904166018,2.804689699384298,28040518.0,5.696437497945514,True,0
40,0.001,0.444504285400564,5.584377618994761,2.8173634345687675,13.464639032290428,12.384311551917852,8.374976893033,5.629229476099791,7.880261413295667,9.566948117349085,2.7905992740382395,2.8118660415310237,214833375.0,0.4602699981795417,5.68547340358439,2.8573088146945076,13.447068336201706,12.35624316925957,8.473371402111532,5.6851941982669505,7.761594932617316,9.498934354565062,2.787897998527142,2.827885383572443,28040518.0,5.68547340358439,True,0
41,0.001,0.44233968845210814,5.57112380888327,2.81080004299844,13.464532376866627,12.384025121794972,8.375408526753656,5.629826519622475,7.893408567983357,9.573225078796533,2.8042847178703862,2.8190264766240354,214833375.0,0.45994500385390386,5.683342029060956,2.86054271982422,13.447068336201706,12.35624316925957,8.473371402111532,5.6851941982669505,7.76372630714075,9.495700449435349,2.790029373050576,2.8246514784427306,28040518.0,5.683342029060956,True,0
42,0.001,0.44272348450775373,5.573522359706844,2.8095507497962084,13.463591170324916,12.3833782716489,8.376107474925442,5.629564022582618,7.890068810618072,9.57382752185269,2.802585115218598,2.8200132727864093,214833375.0,0.46397593484984506,5.708683424042174,2.8474921896949263,13.447068336201706,12.35624316925957,8.473371402111532,5.6851941982669505,7.738384912159532,9.508750979564642,2.7646879780693574,2.837702008572024,28040518.0,5.683342029060956,False,1
43,0.001,0.4413874613399729,5.565319909907684,2.8042924080115577,13.46419825059393,12.383818196311443,8.375374695520224,5.629423039483506,7.898878340686245,9.579525788299886,2.8100547856125395,2.8251306314719487,214833375.0,0.4608794709046682,5.689492851844079,2.887499269806642,13.447068336201706,12.35624316925957,8.473371402111532,5.6851941982669505,7.757575484357627,9.468743899452928,2.7838785502674526,2.7976949284603085,28040518.0,5.683342029060956,False,2
44,0.001,0.43992314135923416,5.555982403326212,2.7974554235928193,13.464010560816291,12.383625964773863,8.374998119928538,5.629345289110689,7.9080281574900795,9.586170541181044,2.819015716602326,2.8318898655178697,214833375.0,0.45717912117640175,5.666218950892689,2.859177543546093,13.447068336201706,12.35624316925957,8.473371402111532,5.6851941982669505,7.7808493853090175,9.497065625713477,2.807152451218843,2.8260166547208576,28040518.0,5.666218950892689,True,0
45,0.001,0.43891400815454745,5.549023065849196,2.7937773536118398,13.463696904580651,12.383452900416428,8.374657611623878,5.629001111326394,7.914673838731455,9.589675546804589,2.8256345457746814,2.8352237577145543,214833375.0,0.4660793297820621,5.721621039245473,2.868857794460145,13.447068336201706,12.35624316925957,8.473371402111532,5.6851941982669505,7.725447296956233,9.487385374799423,2.7517503628660585,2.8163364038068055,28040518.0,5.666218950892689,False,1
46,0.001,0.43852306670806973,5.547383851677605,2.791720170923163,13.464362130082742,12.384039013956746,8.375540729742616,5.629236646773342,7.9169782784051375,9.592318843033583,2.828156878065011,2.837516475850179,214833375.0,0.4570723414421082,5.665727941600773,2.82877839935054,13.447068336201706,12.35624316925957,8.473371402111532,5.6851941982669505,7.781340394600933,9.52746476990903,2.807643460510759,2.8564157989164105,28040518.0,5.665727941600773,True,0
47,0.001,0.4379092592123317,5.542669665207649,2.7886437983623353,13.463381723258607,12.383055714690514,8.375875381930944,5.6292653387770875,7.920712058050958,9.594411916328179,2.8332057167232954,2.840621540414752,214833375.0,0.4592954377333323,5.679281838447406,2.8280665254650432,13.447068336201706,12.35624316925957,8.473371402111532,5.6851941982669505,7.7677864977543,9.528176643794525,2.7940895636641256,2.8571276728019073,28040518.0,5.665727941600773,False,1
48,0.001,0.43657685444851424,5.534381457898665,2.7828579573588135,13.464061546040398,12.383698568716337,8.375447580364112,5.629563836391808,7.929680088141732,9.600840611357523,2.8410661224654463,2.846705879032995,214833375.0,0.4566815177599589,5.6635081851872435,2.859119812355107,13.447068336201706,12.35624316925957,8.473371402111532,5.6851941982669505,7.783560151014463,9.497123356904462,2.8098632169242883,2.8260743859118436,28040518.0,5.6635081851872435,True,0
49,0.001,0.43592920960568965,5.531136217258242,2.780072411933202,13.464394318449711,12.384184833943982,8.375367292123482,5.62951752200979,7.93325810119147,9.604112422010779,2.84423107486524,2.849445110076588,214833375.0,0.45634004672368367,5.661017868652742,2.8501051630001983,13.447068336201706,12.35624316925957,8.473371402111532,5.6851941982669505,7.786050467548964,9.50613800625937,2.81235353345879,2.835089035266752,28040518.0,5.661017868652742,True,0
50,0.001,0.4345628367491132,5.5217524554841315,2.774026358218317,13.465729751186398,12.38500029732345,8.376432275283392,5.63042911977713,7.9439772957022665,9.610973939105133,2.8546798197992604,2.856402761558813,214833375.0,0.4590240352683597,5.677568729260926,2.8023629993211965,13.447068336201706,12.35624316925957,8.473371402111532,5.6851941982669505,7.76949960694078,9.553880169938372,2.7958026728506056,2.882831198945754,28040518.0,5.661017868652742,False,1
51,0.001,0.4332767745966086,5.513456255741933,2.767573902041524,13.464620356002031,12.384283825778931,8.37428750101132,5.629145805441078,7.951164100260098,9.616709923737407,2.860831245269387,2.8615719033995535,214833375.0,0.4557222763697306,5.65715407708536,2.8401646213347416,13.447068336201706,12.35624316925957,8.473371402111532,5.6851941982669505,7.789914259116347,9.516078547924828,2.816217325026172,2.845029576932209,28040518.0,5.65715407708536,True,0
52,0.001,0.43300266542043153,5.511629103900698,2.765929584381384,13.464234238746778,12.38379043642544,8.375275904846529,5.6294429578272,7.95260513484608,9.617860852044055,2.8636468009458307,2.863513373445816,214833375.0,0.45186296436521745,5.632793018892728,2.8333680769556397,13.447068336201706,12.35624316925957,8.473371402111532,5.6851941982669505,7.8142753173089785,9.522875092303929,2.840578383218804,2.8518261213113107,28040518.0,5.632793018892728,True,0
53,0.001,0.43208989116453356,5.5059087005231735,2.762162723203506,13.463914056344995,12.383375208810083,8.375786707213809,5.629528848229471,7.958005355821822,9.621212485606577,2.8698780066906355,2.867366125025965,214833375.0,0.4530789852142334,5.640579832166831,2.8266497675791866,13.447068336201706,12.35624316925957,8.473371402111532,5.6851941982669505,7.806488504034875,9.529593401680383,2.8327915699447006,2.858544430687764,28040518.0,5.632793018892728,False,1
54,0.001,0.43148533523607113,5.500984884157236,2.759181305919064,13.464603003043596,12.384095525194816,8.376164660538553,5.629883673800684,7.96361811888636,9.624914219275752,2.8751797763813167,2.87070236788162,214833375.0,0.4524909767839644,5.637241622258498,2.8307586454002025,13.447068336201706,12.35624316925957,8.473371402111532,5.6851941982669505,7.809826713943209,9.525484523859367,2.8361297798530343,2.854435552866748,28040518.0,5.632793018892728,False,2
55,0.001,0.43075133663468346,5.496325631767788,2.7558177043604144,13.463871349939755,12.383598479519302,8.37474173564829,5.629141475341064,7.967545718171967,9.627780775158888,2.878416103880501,2.8733237709806496,214833375.0,0.4557325475745731,5.657395407834289,2.8683174380016805,13.447068336201706,12.35624316925957,8.473371402111532,5.6851941982669505,7.789672928367417,9.487925731257889,2.8159759942772427,2.81687676026527,28040518.0,5.632793018892728,False,3
56,0.001,0.42980474347243214,5.49151487574957,2.752789829268846,13.464585686707489,12.383980810709696,8.376423134594981,5.629740099158243,7.9730708109579185,9.63119098144085,2.884908258845411,2.8769502698893974,214833375.0,0.45301665332582264,5.640611718126116,2.8419723959807017,13.447068336201706,12.35624316925957,8.473371402111532,5.6851941982669505,7.8064566180755905,9.514270773278866,2.832759683985416,2.8432218022862488,28040518.0,5.632793018892728,False,4
57,0.001,0.42838948842717056,5.482271647548405,2.7468623665899212,13.463828856365103,12.38329257965621,8.375591649764477,5.629303805798331,7.981557208816698,9.636430213066289,2.893320002216072,2.88244143920841,214833375.0,0.4573035465346442,5.66790775212947,2.84444742381364,13.447068336201706,12.35624316925957,8.473371402111532,5.6851941982669505,7.779160584072236,9.51179574544593,2.8054636499820615,2.8407467744533106,28040518.0,5.632793018892728,False,5
58,0.001,0.42789239460422146,5.479874472404975,2.747561599483786,13.463687634931798,12.383575489609099,8.375101742555241,5.629032856277568,7.983813162526823,9.636013890125312,2.895227270150266,2.8814712567937826,214833375.0,0.4537479321161906,5.645021894754812,2.812017483949476,13.447068336201706,12.35624316925957,8.473371402111532,5.6851941982669505,7.802046441446894,9.544225685310092,2.8283495073567195,2.8731767143174745,28040518.0,5.632793018892728,False,6
59,0.001,0.4269949552600335,5.473379031328109,2.7410843979665636,13.463361283354947,12.383288516041793,8.37445623144095,5.62872712631359,7.989982252026838,9.64220411807523,2.901077200112841,2.8876427283470267,214833375.0,0.4513615760538313,5.63041890372897,2.7963049889092635,13.447068336201706,12.35624316925957,8.473371402111532,5.6851941982669505,7.816649432472737,9.559938180350306,2.8429524983825623,2.888889209357687,28040518.0,5.63041890372897,True,0
60,0.001,0.42626715414335303,5.46861617917151,2.7385266799793095,13.46436180718921,12.383703057078538,8.376243893621194,5.629745805324708,7.9957456280176995,9.64517637709923,2.907627714449683,2.8912191253453985,214833375.0,0.4513696471850077,5.6303581831815,2.8091593430977273,13.447068336201706,12.35624316925957,8.473371402111532,5.6851941982669505,7.816710153020206,9.547083826161842,2.8430132189300314,2.876034855169223,28040518.0,5.6303581831815,True,0
61,0.001,0.42549089663539114,5.463611705483701,2.734930488861426,13.464912106094603,12.38439234592856,8.375908844358175,5.629762204080255,8.001300400610901,9.649461857067134,2.9122971388744743,2.8948317152188294,214833375.0,0.4497627794742584,5.619950889930712,2.7993041912599477,13.447068336201706,12.35624316925957,8.473371402111532,5.6851941982669505,7.827117446270995,9.556938977999621,2.8534205121808203,2.885890007007003,28040518.0,5.619950889930712,True,0
62,0.001,0.42511438650469624,5.461707207192402,2.733466522601528,13.464878583883076,12.384206155119054,8.376987539088185,5.630018649336957,8.003171376690673,9.650739632517526,2.915280331895783,2.8965521267354295,214833375.0,0.4523018227683173,5.6360883417978425,2.806335416128903,13.447068336201706,12.35624316925957,8.473371402111532,5.6851941982669505,7.810979994403864,9.549907753130666,2.8372830603136894,2.8788587821380474,28040518.0,5.619950889930712,False,1
63,0.001,0.42353870206214816,5.4507206218488715,2.726500340670997,13.464373306895864,12.384004719937021,8.37501685459778,5.629508819916831,8.013652685046992,9.657504379266024,2.924296232748908,2.903008479245834,214833375.0,0.44778564969698587,5.6079423197522,2.777898931824298,13.447068336201706,12.35624316925957,8.473371402111532,5.6851941982669505,7.839126016449506,9.578344237435271,2.8654290823593316,2.9072952664426523,28040518.0,5.6079423197522,True,0
64,0.001,0.4231977807112104,5.448741261164179,2.724278489666701,13.464113483866972,12.38377396435726,8.376272745526991,5.629700279344399,8.015372222702794,9.659495474690559,2.927531484362812,2.905421789677698,214833375.0,0.4491611553563012,5.616106813413477,2.788183000934576,13.447068336201706,12.35624316925957,8.473371402111532,5.6851941982669505,7.830961522788229,9.568060168324994,2.8572645886980546,2.8970111973323744,28040518.0,5.6079423197522,False,1
65,0.001,0.4222857291397811,5.443541999004723,2.721919537350749,13.46416109728344,12.383597882545018,8.376111018750974,5.629905397613383,8.020619098278718,9.66167834519427,2.932569019746251,2.907985860262634,214833375.0,0.45556031266848246,5.656059605308067,2.7699875899225543,13.447068336201706,12.35624316925957,8.473371402111532,5.6851941982669505,7.7910087308936395,9.586255579337015,2.817311796803465,2.915206608344396,28040518.0,5.6079423197522,False,2
66,0.001,0.4216428148257068,5.439201654997966,2.7188728657151153,13.464150454079446,12.38385866953866,8.37573008365716,5.6293012107639235,8.02494879908148,9.664985803823544,2.9365284286591944,2.910428345048808,214833375.0,0.4479967448446486,5.608386974139795,2.7788584206076363,13.447068336201706,12.35624316925957,8.473371402111532,5.6851941982669505,7.838681362061911,9.577384748651934,2.864984427971737,2.906335777659314,28040518.0,5.6079423197522,False,3
67,0.001,0.4210655332660395,5.435135112711215,2.7168392390730722,13.464243464459418,12.383851661782067,8.374439009600469,5.62897899884038,8.029108351748203,9.667012422708995,2.9393038968892533,2.912139759767308,214833375.0,0.45074450174967445,5.6259147578433994,2.7788484194550187,13.447068336201706,12.35624316925957,8.473371402111532,5.6851941982669505,7.821153578358307,9.57739474980455,2.8474566442681324,2.906345778811932,28040518.0,5.6079423197522,False,4
68,0.001,0.42075577675422265,5.433317058997125,2.7149052614613534,13.464228720463566,12.38381566644382,8.376242049216433,5.629655609841813,8.03091166146644,9.668910404982466,2.942924990219308,2.9147503483804598,214833375.0,0.4506555842028724,5.625611461749926,2.8194559208927594,13.447068336201706,12.35624316925957,8.473371402111532,5.6851941982669505,7.82145687445178,9.53678724836681,2.8477599403616054,2.865738277374191,28040518.0,5.6079423197522,False,5
69,0.001,0.41955693909499653,5.4258266057249624,2.710830116596176,13.464048982637538,12.38363983598917,8.374966503550722,5.629356667696535,8.038222376912575,9.672809719392994,2.9491398978257592,2.918526551100359,214833375.0,0.4487100925710466,5.613249748362676,2.788775964302799,13.447068336201706,12.35624316925957,8.473371402111532,5.6851941982669505,7.83381858783903,9.56746720495677,2.8601216537488554,2.8964182339641513,28040518.0,5.6079423197522,False,6
70,0.001,0.4182867122011101,5.417393969613254,2.7040308046875863,13.46423911261764,12.383857234705735,8.37495444611047,5.629115247456314,8.046845143004386,9.67982643001815,2.957560476497216,2.9250844427687275,214833375.0,0.45368088682492574,5.644617412086616,2.8353285926279965,13.447068336201706,12.35624316925957,8.473371402111532,5.6851941982669505,7.802450924115091,9.520914576631572,2.828753990024916,2.849865605638954,28040518.0,5.6079423197522,False,7
71,0.001,0.417881010651938,5.414982009365077,2.704286203202831,13.464356705885217,12.383809679245601,8.37586630009854,5.629585433362019,8.04937469652014,9.679523476042771,2.960884290733463,2.9252992301591876,214833375.0,0.44807597928577,5.609540356784218,2.795459150398006,13.447068336201706,12.35624316925957,8.473371402111532,5.6851941982669505,7.837527979417488,9.560784018861563,2.8638310453273137,2.8897350478689443,28040518.0,5.6079423197522,False,8
72,0.001,0.4172409382209051,5.411313974632785,2.7012547323012543,13.465006007251993,12.384290059679973,8.37685232552763,5.6301623804960474,8.053692032619209,9.683035327378718,2.9655383508948443,2.928907648194793,214833375.0,0.4463966316647,5.599074972275049,2.781743752023411,13.447068336201706,12.35624316925957,8.473371402111532,5.6851941982669505,7.8479933639266575,9.574499417236158,2.874296429836483,2.9034504462435393,28040518.0,5.599074972275049,True,0
73,0.001,0.41694019206108585,5.4083253335484684,2.7002376408577113,13.462965624044797,12.382497661268879,8.375328516580254,5.628859875705998,8.054640290496328,9.682260020411167,2.9670031830317853,2.9286222348482864,214833375.0,0.44602572520573935,5.596593216137667,2.7755516989736067,13.447068336201706,12.35624316925957,8.473371402111532,5.6851941982669505,7.850475120064039,9.580691470285963,2.8767781859738646,2.909642499293344,28040518.0,5.596593216137667,True,0
74,0.001,0.41614862524868806,5.402593784369697,2.696254951948225,13.463260834883522,12.383017644488431,8.374720837699426,5.628566978943565,8.060667050513825,9.686762692540206,2.9721270533297295,2.9323120269953398,214833375.0,0.4490130689409044,5.615054625493712,2.7469000104598638,13.447068336201706,12.35624316925957,8.473371402111532,5.6851941982669505,7.832013710707995,9.609343158799705,2.85831677661782,2.9382941878070867,28040518.0,5.596593216137667,False,1
75,0.001,0.4154587108368748,5.398252368174592,2.6933880937959476,13.463363134425986,12.383058171245507,8.37553772198206,5.62914023717218,8.065110766251394,9.68967007744956,2.977285353807467,2.9357521433762326,214833375.0,0.444489883714252,5.586969099365517,2.779226780421817,13.447068336201706,12.35624316925957,8.473371402111532,5.6851941982669505,7.860099236836189,9.577016388837752,2.8864023027460144,2.9059674178451336,28040518.0,5.586969099365517,True,0
76,0.001,0.41440116957135914,5.391590412256502,2.6923719271970663,13.4645148958834,12.38385495503201,8.376036800383723,5.6298123353738685,8.072924483626899,9.691483027834945,2.984446388127221,2.937440408176802,214833375.0,0.4465222477912903,5.599825169009885,2.746153202751105,13.447068336201706,12.35624316925957,8.473371402111532,5.6851941982669505,7.847243167191821,9.610089966508465,2.8735462331016466,2.9390409955158456,28040518.0,5.586969099365517,False,1
77,0.001,0.4134464064651221,5.386746275352151,2.686480156714477,13.464345172976143,12.383794184679173,8.375302050136188,5.6296413482076515,8.077598897623993,9.697314027964696,2.988555774784037,2.9431611914931746,214833375.0,0.4459364612897237,5.596514416807524,2.7661038684271095,13.447068336201706,12.35624316925957,8.473371402111532,5.6851941982669505,7.850553919394183,9.59013930083246,2.8768569853040082,2.919090329839841,28040518.0,5.586969099365517,False,2
78,0.001,0.41333501176400617,5.384627271064465,2.685610974086312,13.46428141129852,12.383645130790317,8.376545012954464,5.629808879788813,8.079654140234055,9.698034156704004,2.991917741889999,2.944197905702501,214833375.0,0.44833985500865514,5.611386081776062,2.8030091023104493,13.447068336201706,12.35624316925957,8.473371402111532,5.6851941982669505,7.835682254425644,9.55323406694912,2.86198532033547,2.882185095956501,28040518.0,5.586969099365517,False,3
79,0.001,0.41268158203695526,5.3809004326272065,2.6844285865150144,13.463742024017835,12.383417668460499,8.376010140006256,5.62967553865874,8.082841591390629,9.698989081945484,2.99510970737905,2.9452469521437252,214833375.0,0.4466004047128889,5.599991363001887,2.756896901387485,13.447068336201706,12.35624316925957,8.473371402111532,5.6851941982669505,7.847076973199819,9.599346267872084,2.8733800391096445,2.9282972968794656,28040518.0,5.586969099365517,False,4
80,0.001,0.412784500380765,5.381344087634084,2.682585239025361,13.464820572318294,12.38451126599859,8.376471150188026,5.629937843689325,8.083476484684208,9.70192602697323,2.9951270625539417,2.9473526046639638,214833375.0,0.4458132326602936,5.5951966878995325,2.733478207321277,13.447068336201706,12.35624316925957,8.473371402111532,5.6851941982669505,7.851871648302174,9.622764961938293,2.8781747142119993,2.9517159909456736,28040518.0,5.586969099365517,False,5
81,0.001,0.4107550857178976,5.368797462122846,2.675663279157626,13.463097953632898,12.382973520757657,8.374716161651866,5.628740953308582,8.094300491510053,9.70731024160003,3.005918699529021,2.953077674150956,214833375.0,0.44393224914868673,5.58338425306415,2.775209836530124,13.447068336201706,12.35624316925957,8.473371402111532,5.6851941982669505,7.8636840831375565,9.581033332729445,2.889987149047382,2.9099843617368264,28040518.0,5.58338425306415,True,0
82,0.001,0.4103173550622554,5.365449862238457,2.6735803535530733,13.463595904062155,12.38333886901884,8.374602610096941,5.628919333413628,8.098146041823696,9.709758515465765,3.009152747858484,2.9553389798605547,214833375.0,0.4443237503369649,5.585679852843094,2.7413994277851788,13.447068336201706,12.35624316925957,8.473371402111532,5.6851941982669505,7.8613884833586125,9.61484374147439,2.887691549268438,2.9437947704817717,28040518.0,5.58338425306415,False,1
83,0.001,0.4093893614332697,5.35933642125275,2.66947265933424,13.464349038714332,12.383867622989213,8.375270902312893,5.629302418094954,8.105012617461583,9.714394963654973,3.0159344810601434,2.9598297587607143,214833375.0,0.4448792517185211,5.5895473351385165,2.7626459504064798,13.447068336201706,12.35624316925957,8.473371402111532,5.6851941982669505,7.85752100106319,9.59359721885309,2.8838240669730153,2.9225482478604707,28040518.0,5.58338425306415,False,2
84,0.001,0.4087420251012897,5.3561897625591,2.669337927591558,13.464395854091622,12.383979788987629,8.37605340903243,5.629716703701182,8.108206091532523,9.714641861396071,3.01986364647333,2.960378776109624,214833375.0,0.4472462322976854,5.604281500480192,2.782776182130444,13.447068336201706,12.35624316925957,8.473371402111532,5.6851941982669505,7.8427868357215145,9.573466987129125,2.86908990163134,2.9024180161365063,28040518.0,5.58338425306415,False,3
85,0.001,0.40797299216569693,5.350788026349234,2.664070130804862,13.464400919427002,12.383693282061039,8.375506803452504,5.629351375804621,8.113612893077768,9.719623151256176,3.0247187771032706,2.9652812449997588,214833375.0,0.44854283730189004,5.612428364956508,2.744724210337341,13.447068336201706,12.35624316925957,8.473371402111532,5.6851941982669505,7.834639971245198,9.611518958922229,2.8609430371550237,2.9404699879296095,28040518.0,5.58338425306415,False,4
86,0.001,0.4071263711123872,5.3440556203544975,2.6607838115236984,13.463834634105176,12.383294912859792,8.374979883209539,5.629275161505981,8.119779013750678,9.722511101336094,3.0309242628550415,2.9684913499822825,214833375.0,0.44534128838115267,5.592763530159201,2.765286542227929,13.447068336201706,12.35624316925957,8.473371402111532,5.6851941982669505,7.854304806042506,9.590956627031641,2.880607871952331,2.9199076560390216,28040518.0,5.58338425306415,False,5
87,0.001,0.40742624942158673,5.345685728546632,2.664036702863324,13.464657591013957,12.384069684237842,8.376032352362328,5.630133152030033,8.118971862467324,9.720032981374517,3.0303466238156958,2.966096449166709,214833375.0,0.4447279665205214,5.588707609540103,2.752911487762102,13.447068336201706,12.35624316925957,8.473371402111532,5.6851941982669505,7.858360726661603,9.603331681497467,2.8846637925714287,2.9322827105048486,28040518.0,5.58338425306415,False,6
88,0.001,0.406085125512042,5.337738390098423,2.657505637508604,13.464878208455959,12.384192600428122,8.37637419514956,5.629735252378733,8.127139818357536,9.726686962919517,3.038635805051138,2.972229614870129,214833375.0,0.4448557774225871,5.589304386094416,2.754225528215991,13.447068336201706,12.35624316925957,8.473371402111532,5.6851941982669505,7.85776395010729,9.602017641043577,2.8840670160171156,2.9309686700509596,28040518.0,5.58338425306415,False,7
89,0.001,0.4055894376420555,5.333592012424943,2.6546952126269954,13.464999582183914,12.384517084461388,8.375716569038993,5.62961675181987,8.13140756975897,9.729821871834393,3.0421245566140493,2.9749215391928745,214833375.0,0.4435038036770291,5.580633067223477,2.754400520525334,13.447068336201706,12.35624316925957,8.473371402111532,5.6851941982669505,7.866435268978229,9.601842648734236,2.8927383348880547,2.9307936777416166,28040518.0,5.580633067223477,True,0
90,0.001,0.4050523848477696,5.329721484179755,2.6538918353584493,13.464228766097794,12.383656443045686,8.376093840880475,5.629611700812315,8.134507281918038,9.729764607687237,3.0463723567007204,2.975719865453866,214833375.0,0.4434505608346727,5.580378035065562,2.768342597576122,13.447068336201706,12.35624316925957,8.473371402111532,5.6851941982669505,7.866690301136145,9.587900571683447,2.89299336704597,2.9168516006908285,28040518.0,5.580378035065562,True,0
91,0.001,0.4042517386398707,5.32557696314185,2.652036574275296,13.463851004816215,12.383425263881835,8.376259916418954,5.629794995772887,8.138274041674364,9.731388689606538,3.0506829532771045,2.9777584214975907,214833375.0,0.4436853249867757,5.581876448471468,2.75062927689139,13.447068336201706,12.35624316925957,8.473371402111532,5.6851941982669505,7.865191887730238,9.60561389236818,2.8914949536400636,2.9345649213755607,28040518.0,5.580378035065562,False,1
92,0.001,0.403297439173869,5.31907229707647,2.646336137250555,13.463293309388543,12.38322469215968,8.375809426441345,5.62923786865053,8.144221012312073,9.736888554909124,3.0567371293648744,2.982901731399975,214833375.0,0.4440668887562222,5.584764811100011,2.745775222929191,13.447068336201706,12.35624316925957,8.473371402111532,5.6851941982669505,7.862303525101695,9.610467946330377,2.888606591011521,2.9394189753377593,28040518.0,5.580378035065562,False,2
93,0.001,0.4018390678590344,5.3106729949033795,2.641938721404437,13.463247017775206,12.383329945824293,8.373900926525579,5.628608056709066,8.152574022871827,9.741391224419857,3.0632279316221993,2.9866693353046285,214833375.0,0.44600684576564364,5.596763576229576,2.7696443901285988,13.447068336201706,12.35624316925957,8.473371402111532,5.6851941982669505,7.85030475997213,9.58659877913097,2.8766078258819556,2.9155498081383517,28040518.0,5.580378035065562,False,3
94,0.001,0.40222129994823086,5.31300524957361,2.644775290094009,13.46280347567099,12.382646359067813,8.375204276238664,5.62883426981492,8.14979822609738,9.737871068973805,3.062199026665054,2.984058979720911,214833375.0,0.44597870972421433,5.596759510880499,2.731737168692818,13.447068336201706,12.35624316925957,8.473371402111532,5.6851941982669505,7.850308825321207,9.62450600056675,2.8766118912310326,2.9534570295741327,28040518.0,5.580378035065562,False,4
95,0.001,0.40224560745650373,5.312211629199953,2.64290100641951,13.464460559009865,12.384086988346201,8.376067746410202,5.62959496400408,8.152248929809911,9.74118598192669,3.063856117210249,2.98669395758457,214833375.0,0.44305738740497164,5.5780768824796905,2.7405682845266983,13.447068336201706,12.35624316925957,8.473371402111532,5.6851941982669505,7.868991453722016,9.61567488473287,2.8952945196318414,2.944625913740252,28040518.0,5.5780768824796905,True,0
96,0.001,0.40023255689053244,5.298986594873547,2.6362552865098356,13.463541960379445,12.383252695257429,8.3751690008138,5.629094980004853,8.164555365505898,9.746997408747593,3.076182405940253,2.992839693495017,214833375.0,0.4463088797198402,5.598546184623373,2.7534240897404247,13.447068336201706,12.35624316925957,8.473371402111532,5.6851941982669505,7.848522151578333,9.602819079519143,2.8748252174881586,2.9317701085265258,28040518.0,5.5780768824796905,False,1
97,0.001,0.40012446561516907,5.298636916444945,2.6354017558375182,13.46324084840618,12.382884905569258,8.37544236840995,5.628816770206212,8.164603931961235,9.747483149731739,3.0768054519650043,2.993415014368694,214833375.0,0.44322490824593436,5.578909651955709,2.7239639461189697,13.447068336201706,12.35624316925957,8.473371402111532,5.6851941982669505,7.868158684245997,9.6322792231406,2.8944617501558225,2.9612302521479807,28040518.0,5.5780768824796905,False,2
98,0.001,0.4004929803333674,5.29968903169607,2.6363199787975216,13.464167497860133,12.383857038041691,8.375675947248844,5.6299757160636705,8.164478466164063,9.74753705924417,3.0759869155527744,2.993655737266149,214833375.0,0.4421627925501929,5.571970591008468,2.734535654797818,13.447068336201706,12.35624316925957,8.473371402111532,5.6851941982669505,7.875097745193238,9.62170751446175,2.9014008111030636,2.9506585434691326,28040518.0,5.571970591008468,True,0
99,0.001,0.39842250235269494,5.287009124197834,2.629024461399445,13.464740876099434,12.384408631805929,8.375712924456513,5.629763786702136,8.1777317519016,9.755384170406483,3.0887038002586795,3.000739325302691,214833375.0,0.4421075979868571,5.57189769670575,2.745224740498731,13.447068336201706,12.35624316925957,8.473371402111532,5.6851941982669505,7.875170639495956,9.611018428760838,2.901473705405782,2.9399694577682194,28040518.0,5.57189769670575,True,0
100,0.001,0.3978106074494001,5.2837683781751075,2.6258307126976894,13.463860486626698,12.38340315605059,8.375289499651485,5.629062945876077,8.180092108451591,9.7575724433529,3.0915211214763776,3.003232233178388,214833375.0,0.44240987433327567,5.573699168709534,2.749076082510316,13.447068336201706,12.35624316925957,8.473371402111532,5.6851941982669505,7.873369167492172,9.607167086749254,2.899672233401998,2.9361181157566345,28040518.0,5.57189769670575,False,1
101,0.001,0.39839618585326453,5.2864073686135065,2.6284600163964282,13.464102875888482,12.383606084250177,8.375575718499427,5.629437717137758,8.177695507274976,9.75514606785375,3.08916834988592,3.00097770074133,214833375.0,0.4439771248234643,5.583314964938536,2.72509873480226,13.447068336201706,12.35624316925957,8.473371402111532,5.6851941982669505,7.86375337126317,9.631144434457308,2.890056437172996,2.9600954634646905,28040518.0,5.57189769670575,False,2
102,0.001,0.3972750394400264,5.280360697947151,2.6248094962549464,13.464504750085394,12.384066658637188,8.37514732249924,5.629556161839379,8.184144052138244,9.75925716238224,3.094786624552089,3.004746665584433,214833375.0,0.4456359373198615,5.594381140254941,2.738268703702264,13.447068336201706,12.35624316925957,8.473371402111532,5.6851941982669505,7.852687195946765,9.617974465557305,2.8789902618565906,2.9469254945646863,28040518.0,5.57189769670575,False,3
103,0.001,0.3959980653353101,5.270639665706349,2.6196116917936982,13.463155754803218,12.383024765123203,8.37430044875572,5.628509978372774,8.19251608909687,9.763413073329504,3.1036607830493717,3.008898286579076,214833375.0,0.44246114823553295,5.573823228836089,2.729081132702327,13.447068336201706,12.35624316925957,8.473371402111532,5.6851941982669505,7.873245107365618,9.627162036557241,2.899548173275443,2.9561130655646233,28040518.0,5.57189769670575,False,4
104,0.001,0.39595312186000636,5.271125873276262,2.619465489242535,13.463473737705847,12.383286332954551,8.375428393709853,5.6292548795083635,8.192347864429586,9.763820843712017,3.104302520433592,3.0097893902658286,214833375.0,0.44469041493203904,5.588826649619312,2.75474051513599,13.447068336201706,12.35624316925957,8.473371402111532,5.6851941982669505,7.858241686582394,9.601502654123578,2.8845447524922196,2.9304536831309607,28040518.0,5.57189769670575,False,5
105,0.001,0.3952679641959954,5.265156522385865,2.616373348065681,13.464296075722888,12.383817644721171,8.37602198252817,5.629710275463484,8.199139553337023,9.76744429665549,3.110865460142305,3.0133369273978032,214833375.0,0.4441224753856659,5.584823851450882,2.7324848189323747,13.447068336201706,12.35624316925957,8.473371402111532,5.6851941982669505,7.862244484750824,9.623758350327194,2.8885475506606495,2.952709379334576,28040518.0,5.57189769670575,False,6
106,0.001,0.39438574929391185,5.26046495641796,2.6157363788331307,13.464644457065624,12.38428577961874,8.375662957726588,5.629576984954037,8.204179500647665,9.76854940078561,3.1151980013086282,3.013840606120906,214833375.0,0.4432686527570089,5.579163909074058,2.758255910251016,13.447068336201706,12.35624316925957,8.473371402111532,5.6851941982669505,7.867904427127648,9.597987259008553,2.8942074930374737,2.9269382880159345,28040518.0,5.57189769670575,False,7
107,0.001,0.39333812905546506,5.253481488460673,2.6095543138955946,13.46373188662631,12.38325597803414,8.375874906221451,5.629366250704761,8.210250398165638,9.773701664138544,3.1223934177607786,3.0198119368091665,214833375.0,0.443200339211358,5.578645551265395,2.750038442139336,13.447068336201706,12.35624316925957,8.473371402111532,5.6851941982669505,7.868422784936311,9.606204727120232,2.894725850846137,2.9351557561276147,28040518.0,5.57189769670575,False,8
108,0.001,0.3928047962202704,5.249698359812686,2.608819938359205,13.464714061452861,12.384246375824985,8.376370797585132,5.630055618104031,8.215015701640176,9.775426437465779,3.126672437772446,3.0212356797448257,214833375.0,0.4445386793878343,5.58783558836864,2.74080233646183,13.447068336201706,12.35624316925957,8.473371402111532,5.6851941982669505,7.859232747833066,9.61544083279774,2.8855358137428917,2.9443918618051206,28040518.0,5.57189769670575,False,9
109,0.001,0.39276354674719643,5.249317370166173,2.6078437184166567,13.46394724007701,12.383591702173836,8.374810712015636,5.629128256375435,8.214629869910837,9.77574798375718,3.125493341849463,3.0212845379587785,214833375.0,0.44173314770062766,5.569473505940556,2.7529175771645873,13.447068336201706,12.35624316925957,8.473371402111532,5.6851941982669505,7.877594830261151,9.603325592094983,2.9038978961709763,2.932276621102363,28040518.0,5.569473505940556,True,0
110,0.001,0.39160387685571596,5.242314875594069,2.602817766327043,13.465165463143375,12.384613482425625,8.376595523997945,5.630168466608133,8.222850587549306,9.781795716098582,3.1342806484038768,3.0273507002810898,214833375.0,0.4464620994196998,5.5995550809129115,2.7498622060940527,13.447068336201706,12.35624316925957,8.473371402111532,5.6851941982669505,7.847513255288795,9.606380963165517,2.8738163211986203,2.9353319921728978,28040518.0,5.569473505940556,False,1
111,0.001,0.39158615557329396,5.2414982658701925,2.603744927318672,13.464758054647259,12.383992764159666,8.376688610044226,5.6298355330031935,8.223259788777067,9.780247836840994,3.135190344174034,3.0260906056845216,214833375.0,0.44516350097126434,5.591389156647854,2.7349087376880843,13.447068336201706,12.35624316925957,8.473371402111532,5.6851941982669505,7.855679179553852,9.621334431571485,2.8819822454636776,2.950285460578866,28040518.0,5.569473505940556,False,2
112,0.001,0.38994697942412143,5.2310239621019345,2.59653930982558,13.46336921799647,12.383165710402306,8.374943744798124,5.6290147829684285,8.232345255894536,9.786626400576726,3.143919782696189,3.0324754731428487,214833375.0,0.4420882304509481,5.571982729298946,2.734436697549596,13.447068336201706,12.35624316925957,8.473371402111532,5.6851941982669505,7.87508560690276,9.621806471709974,2.901388672812586,2.9507575007173545,28040518.0,5.569473505940556,False,3
113,0.001,0.3897582150973882,5.229493733170974,2.5954707555332126,13.464540672426331,12.384034114811072,8.375222568602704,5.62951556700629,8.235046939255357,9.788563359277859,3.145728835431729,3.034044811473078,214833375.0,0.4454598353968726,5.593702070579482,2.7523967995170415,13.447068336201706,12.35624316925957,8.473371402111532,5.6851941982669505,7.853366265622224,9.603846369742527,2.8796693315320496,2.932797398749909,28040518.0,5.569473505940556,False,4
114,0.001,0.38889038422939715,5.223394800517817,2.5936233502476047,13.463805347105152,12.383664516744663,8.37514569738759,5.629168274598861,8.240410546587334,9.790041166497058,3.151750896869772,3.0355449243512562,214833375.0,0.4454947683546278,5.593648613302874,2.7201392686468915,13.447068336201706,12.35624316925957,8.473371402111532,5.6851941982669505,7.853419722898832,9.636103900612678,2.8797227888086576,2.965054929620059,28040518.0,5.569473505940556,False,5
115,0.001,0.38906653596858476,5.224106093903147,2.5929978681152313,13.463947468252913,12.383683273141335,8.376129281348879,5.6293519326315105,8.239841374349766,9.790685405026103,3.1520231874457316,3.036354064516279,214833375.0,0.44229922294616697,5.573595915397101,2.7182308606067833,13.447068336201706,12.35624316925957,8.473371402111532,5.6851941982669505,7.873472420804605,9.638012308652787,2.8997754867144305,2.966963337660167,28040518.0,5.569473505940556,False,6
116,0.001,0.38779381092342813,5.216679340294952,2.5890765174405512,13.464920521031203,12.384192800583243,8.376798948199076,5.629878895097189,8.248241180736251,9.795116283142692,3.1601196079041234,3.0408023776566377,214833375.0,0.4430449525515238,5.578369665321047,2.732667469802091,13.447068336201706,12.35624316925957,8.473371402111532,5.6851941982669505,7.86869867088066,9.623575699457477,2.8950017367904852,2.9525267284648593,28040518.0,5.569473505940556,False,7
117,0.001,0.3864548496486854,5.207621589479783,2.584250281177215,13.463798133211363,12.383390097092688,8.375022406961442,5.629225419467529,8.25617654373158,9.799139815915474,3.167400817481659,3.0449751382903143,214833375.0,0.4434323522779677,5.5808142107817895,2.7515677246939587,13.447068336201706,12.35624316925957,8.473371402111532,5.6851941982669505,7.866254125419917,9.604675444565611,2.8925571913297423,2.9336264735729918,28040518.0,5.569473505940556,False,8
118,0.001,0.38686304087163415,5.209725746255197,2.5866833615819704,13.464068126437757,12.38362039417758,8.375005655930378,5.629150787208924,8.25434238018256,9.79693703259561,3.1652799096751814,3.0424674256269535,214833375.0,0.44349069396654767,5.580684150538619,2.7388178198063247,13.447068336201706,12.35624316925957,8.473371402111532,5.6851941982669505,7.866384185663088,9.617425349453244,2.892687251572913,2.946376378460626,28040518.0,5.569473505940556,False,9
119,0.001,0.3862866513715112,5.205601599726217,2.5827816214543016,13.463248096481001,12.383051909415844,8.375760907441933,5.629344884145678,8.257646496754784,9.800270287961542,3.170159307715716,3.0465632626913766,214833375.0,0.44443408383263483,5.586944587866283,2.73745348160116,13.447068336201706,12.35624316925957,8.473371402111532,5.6851941982669505,7.860123748335424,9.61878968765841,2.886426814245249,2.9477407166657903,28040518.0,5.569473505940556,False,10
120,0.001,0.38466141615445315,5.195123316645519,2.5776269003826804,13.463882901232276,12.383451281720077,8.37551944864637,5.629122213319974,8.268759584586757,9.805824381337397,3.180396132000851,3.0514953129372935,214833375.0,0.4449010557598538,5.589852564087178,2.719230126651013,13.447068336201706,12.35624316925957,8.473371402111532,5.6851941982669505,7.857215772114528,9.637013042608556,2.8835188380243535,2.9659640716159377,28040518.0,5.569473505940556,False,11
121,0.001,0.38426850076295066,5.19154816077342,2.5759532352689614,13.464156715683492,12.383757654042348,8.375272148361436,5.629665810770789,8.272608554910072,9.807804418773387,3.1837239875880154,3.053712575501828,214833375.0,0.44434593121210736,5.586785110490045,2.7500355177996356,13.447068336201706,12.35624316925957,8.473371402111532,5.6851941982669505,7.860283225711662,9.606207651459933,2.8865862916214873,2.935158680467315,28040518.0,5.569473505940556,False,12
122,0.001,0.3840592540254341,5.19084671106698,2.5754939269794557,13.464073565963126,12.383893285901225,8.375832702456957,5.629578970213544,8.273226854896146,9.808399358921768,3.1849859913899774,3.054085043234088,214833375.0,0.4423492511113485,5.573766532110885,2.717832606551705,13.447068336201706,12.35624316925957,8.473371402111532,5.6851941982669505,7.873301804090821,9.638410562707865,2.8996048700006467,2.9673615917152456,28040518.0,5.569473505940556,False,13
123,0.001,0.38275733869795925,5.181852763531338,2.570520886826826,13.463914957987736,12.383441266981912,8.375819405854093,5.629340519134888,8.282062194456397,9.812920380155086,3.1939666423227555,3.058819632308062,214833375.0,0.44312024381425646,5.578613518887366,2.7398499869010977,13.447068336201706,12.35624316925957,8.473371402111532,5.6851941982669505,7.8684548173143405,9.616393182358472,2.894757883224166,2.945344211365853,28040518.0,5.569473505940556,False,14
124,0.001,0.38255035247970537,5.180486831336429,2.5694399453180865,13.46403856890215,12.383902303354867,8.375688187047214,5.629551589109467,8.283551737565721,9.814462358036781,3.1952013557107843,3.0601116437913807,214833375.0,0.4433241724967957,5.579915931134649,2.7404357597816134,13.447068336201706,12.35624316925957,8.473371402111532,5.6851941982669505,7.867152405067057,9.615807409477956,2.8934554709768827,2.944758438485337,28040518.0,5.569473505940556,False,15
125,0.001,0.38158735807690103,5.174713234210342,2.5671255903557815,13.464432106529115,12.38420861283774,8.373844512009562,5.628864787652291,8.289718872318772,9.81708302248196,3.1991312777992196,3.0617391972965096,214833375.0,0.4443320208125644,5.5861903279560785,2.7236480906843448,13.447068336201706,12.35624316925957,8.473371402111532,5.6851941982669505,7.860878008245628,9.632595078575225,2.8871810741554533,2.9615461075826057,28040518.0,5.569473505940556,False,16
126,0.001,0.38111752254172854,5.170774939991109,2.564340597102289,13.464190541847033,12.383824356899853,8.37591700473983,5.629553821653642,8.293415601855925,9.819483759797563,3.2051420647487205,3.0652132245513526,214833375.0,0.44315019249916077,5.578811489240233,2.746540655472199,13.447068336201706,12.35624316925957,8.473371402111532,5.6851941982669505,7.868256846961473,9.60970251378737,2.8945599128712987,2.9386535427947513,28040518.0,5.569473505940556,False,17
127,0.001,0.3805612130773382,5.168076348442002,2.562181377195233,13.464378710344102,12.383968668741531,8.376335693784315,5.62979412416716,8.2963023619021,9.821787291546297,3.208259345342313,3.0676127469719265,214833375.0,0.4436388591925303,5.581451423987401,2.728713684515386,13.447068336201706,12.35624316925957,8.473371402111532,5.6851941982669505,7.865616912214305,9.627529484744183,2.8919199781241307,2.9564805137515644,28040518.0,5.569473505940556,False,18
128,0.001,0.3798073634199383,5.161924080520796,2.5598511584850354,13.464645697448534,12.384081626050888,8.377358920617187,5.630290647344715,8.302721616927737,9.824230467565853,3.215434840096391,3.0704394888596798,214833375.0,0.44435735278659394,5.586214845956921,2.749907930106712,13.447068336201706,12.35624316925957,8.473371402111532,5.6851941982669505,7.860853490244785,9.606335239152857,2.8871565561546104,2.9352862681602385,28040518.0,5.569473505940556,False,19
129,0.001,0.3793551920970514,5.158948680517894,2.5580033837270397,13.465542374509637,12.38491994318853,8.37664843306971,5.630417726645127,8.306593693991744,9.826916559461491,3.217699752551815,3.072414342918087,214833375.0,0.44492805931303236,5.5903750786863915,2.758135711419454,13.447068336201706,12.35624316925957,8.473371402111532,5.6851941982669505,7.856693257515315,9.598107457840115,2.8829963234251403,2.9270584868474967,28040518.0,5.569473505940556,False,20
130,0.001,0.37899204441878803,5.1564177663020425,2.556529227011399,13.463315888817869,12.383081141372935,8.375681691464473,5.628875845058991,8.306898122515825,9.826551914361536,3.219263925162431,3.072346618047592,214833375.0,0.44479778210322063,5.5893444683895295,2.758529182217675,13.447068336201706,12.35624316925957,8.473371402111532,5.6851941982669505,7.857723867812177,9.597713987041894,2.8840269337220024,2.9266650160492755,28040518.0,5.569473505940556,False,21
131,0.001,0.3783773946797044,5.152985493579469,2.555791784563269,13.46471898147401,12.384354616688398,8.375411486208954,5.62979960283173,8.31173348789454,9.82856283212513,3.2224259926294847,3.0740078182684605,214833375.0,0.44420452647738984,5.585592256186395,2.769091088117559,13.447068336201706,12.35624316925957,8.473371402111532,5.6851941982669505,7.861476080015311,9.58715208114201,2.887779145925137,2.9161031101493915,28040518.0,5.569473505940556,False,22
132,0.001,0.37696653036427985,5.142051320046155,2.54822659072409,13.463537039928175,12.383337782129988,8.375033850710372,5.629049187538947,8.32148571988202,9.835111191405899,3.2329825306642164,3.080822596814857,214833375.0,0.44410250782966615,5.584795540640461,2.7252865968809847,13.447068336201706,12.35624316925957,8.473371402111532,5.6851941982669505,7.862272795561245,9.630956572378585,2.888575861471071,2.9599076013859658,28040518.0,5.569473505940556,False,23
133,0.001,0.3764418963987457,5.139125021546163,2.5483080311660142,13.464256051189302,12.383803161403575,8.376325204293297,5.629573086583963,8.325131029643138,9.835495130237561,3.2372001827471335,3.0812650554179486,214833375.0,0.4436830209361182,5.582351427394894,2.7330007954917237,13.447068336201706,12.35624316925957,8.473371402111532,5.6851941982669505,7.8647169088068125,9.623242373767845,2.891019974716638,2.952193402775227,28040518.0,5.569473505940556,False,24
134,0.001,0.3758638230237094,5.135482722077284,2.5447970985653416,13.46317353765433,12.382769416064892,8.374948729741677,5.628752333639967,8.327690815577046,9.83797231749955,3.239466007664393,3.083955235074625,214833375.0,0.4449023558033837,5.590062179622293,2.7365817296955783,13.447068336201706,12.35624316925957,8.473371402111532,5.6851941982669505,7.857006156579414,9.619661439563991,2.883309222489239,2.948612468571372,28040518.0,5.569473505940556,False,25
135,0.001,0.3761264528871631,5.136813741766369,2.546569526848424,13.464602286744407,12.383965659432572,8.376307547287174,5.629907313051335,8.327788544978038,9.837396132584148,3.239493805520805,3.0833377862029114,214833375.0,0.445943331056171,5.596587431759103,2.725921461668433,13.447068336201706,12.35624316925957,8.473371402111532,5.6851941982669505,7.850480904442604,9.630321707591136,2.876783970352429,2.9592727365985176,28040518.0,5.569473505940556,False,26
136,0.001,0.37502518497254494,5.1295289140172295,2.5432013644877105,13.464103525836563,12.383537162230962,8.376607763564015,5.6298268885130165,8.334574611819335,9.84033579774325,3.247078849546786,3.086625524025306,214833375.0,0.4449454141987695,5.59083545061568,2.7509949887516343,13.447068336201706,12.35624316925957,8.473371402111532,5.6851941982669505,7.856232885586026,9.605248180507935,2.8825359514958517,2.934199209515316,28040518.0,5.569473505940556,False,27
137,0.001,0.37432092856451915,5.124572443910362,2.5390415871719187,13.46566961253661,12.384922402070908,8.376435164359014,5.6303187092089395,8.341097168626249,9.845880814898988,3.251862720448652,3.0912771220370208,214833375.0,0.44519588351249695,5.591750088891045,2.754488023366758,13.447068336201706,12.35624316925957,8.473371402111532,5.6851941982669505,7.855318247310661,9.601755145892811,2.881621313220487,2.9307061749001924,28040518.0,5.569473505940556,False,28
138,0.001,0.37345430525866424,5.11855206621396,2.5375535478949676,13.46501038304448,12.384304854867173,8.376527748730306,5.630074297696995,8.34645831683052,9.846751306972205,3.2579756825163457,3.092520749802027,214833375.0,0.44431948065757754,5.586569128792829,2.72720784348563,13.447068336201706,12.35624316925957,8.473371402111532,5.6851941982669505,7.8604992074088775,9.62903532577394,2.886802273318703,2.9579863547813203,28040518.0,5.569473505940556,False,29
139,0.001,0.37250031500268194,5.112621981850896,2.533777283790286,13.463931119785338,12.383501512509405,8.375926711715744,5.6293855988391,8.351309137934443,9.849724228719118,3.2633047298648483,3.095608315048814,214833375.0,0.4437230189641317,5.582207501317611,2.707741543861636,13.447068336201706,12.35624316925957,8.473371402111532,5.6851941982669505,7.864860834884095,9.648501625397934,2.891163900793921,2.9774526544053144,28040518.0,5.569473505940556,False,30
140,0.001,0.3721465555803517,5.109094349071876,2.5319416832929242,13.464306672486385,12.383704851492464,8.375299365750154,5.629584617613534,8.35521232341451,9.85176316819954,3.2662050166782777,3.0976429343206098,214833375.0,0.4465496261914571,5.6010210536688545,2.7562643323850153,13.447068336201706,12.35624316925957,8.473371402111532,5.6851941982669505,7.846047282532852,9.599978836874554,2.8723503484426773,2.928929865881935,28040518.0,5.569473505940556,False,31
141,0.001,0.37166621057518767,5.1063180110000985,2.529265320158006,13.464821623933533,12.38439346889188,8.37587196638064,5.629854625125169,8.358503612933434,9.855128148733874,3.269553955380541,3.1005893049671633,214833375.0,0.4430535786681705,5.578452678185474,2.7007127908621373,13.447068336201706,12.35624316925957,8.473371402111532,5.6851941982669505,7.868615658016232,9.655530378397431,2.8949187239260574,2.984481407404813,28040518.0,5.569473505940556,False,32
142,0.001,0.37061931004971704,5.100186946863646,2.5264816686420346,13.464762767232255,12.384251718337525,8.376190169539571,5.629860603595693,8.364575820368609,9.85777004969549,3.276003222675925,3.1033789349536587,214833375.0,0.4448983867963155,5.589794117552311,2.72640407133349,13.447068336201706,12.35624316925957,8.473371402111532,5.6851941982669505,7.857274218649395,9.62983909792608,2.8835772845592205,2.9587901269334607,28040518.0,5.569473505940556,False,33
143,0.001,0.37130027240322483,5.104799174075951,2.5299904940864053,13.463880210126344,12.383649428306938,8.374657616070408,5.628913434656044,8.359081036050394,9.853658934220533,3.269858441994457,3.098922940569639,214833375.0,0.44567330876986183,5.595142188434866,2.721322115019416,13.447068336201706,12.35624316925957,8.473371402111532,5.6851941982669505,7.85192614776684,9.634921054240152,2.878229213676666,2.9638720832475345,28040518.0,5.569473505940556,False,34
144,0.001,0.3692902718121705,5.089947832086811,2.521400608727578,13.463128400407822,12.38297923332443,8.374167374070396,5.6286449952201325,8.373180568321011,9.861578624596852,3.2842195419835853,3.1072443864925545,214833375.0,0.4479629119237264,5.6093288624560325,2.7456152824994176,13.447068336201706,12.35624316925957,8.473371402111532,5.6851941982669505,7.837739473745674,9.610627886760152,2.8640425396554994,2.939578915767533,28040518.0,5.569473505940556,False,35
145,0.001,0.3681754930452867,5.082339839020827,2.5173740619910663,13.464543303938868,12.384008513574765,8.375278499760311,5.629665534975652,8.38220346491804,9.866634451583698,3.292938660739484,3.112291472984586,214833375.0,0.44690079821480644,5.602770055178143,2.7470318241802807,13.447068336201706,12.35624316925957,8.473371402111532,5.6851941982669505,7.844298281023563,9.609211345079288,2.8706013469333884,2.93816237408667,28040518.0,5.569473505940556,False,36
146,0.001,0.36803698216365577,5.08087584935582,2.516772288639975,13.463886939273058,12.383383708420537,8.375359573598837,5.6292428603097635,8.383011089917238,9.866611419780561,3.294483724243017,3.1124705716697885,214833375.0,0.44358427590794036,5.581407154166801,2.7284758322759943,13.447068336201706,12.35624316925957,8.473371402111532,5.6851941982669505,7.865661182034906,9.627767336983574,2.891964247944731,2.956718365990956,28040518.0,5.569473505940556,False,37
147,0.001,0.36709246782263705,5.075458692439304,2.5134339813937197,13.464732062111707,12.38415346544735,8.375638376335772,5.62963345197179,8.389273369672402,9.87071948405363,3.3001796838964674,3.1161994705780702,214833375.0,0.4460823429955377,5.597071269343575,2.753924575323466,13.447068336201706,12.35624316925957,8.473371402111532,5.6851941982669505,7.849997066858132,9.602318593936104,2.876300132767957,2.9312696229434847,28040518.0,5.569473505940556,False,38
148,0.001,0.3668586708758234,5.073584299759813,2.5128320718905988,13.464185142471859,12.383859123378759,8.375242468790878,5.629584856170509,8.390600842712047,9.87102705148816,3.3016581690310653,3.1167527842799103,214833375.0,0.4481915725602044,5.610093580226482,2.7273844941095597,13.447068336201706,12.35624316925957,8.473371402111532,5.6851941982669505,7.836974755975224,9.62885867515001,2.86327782188505,2.9578097041573908,28040518.0,5.569473505940556,False,39
149,0.001,0.36681550618840103,5.072924861420537,2.5137523551682786,13.464508068178414,12.384070163679176,8.37537000927811,5.629369268159568,8.391583206757877,9.870317808510897,3.302445147857572,3.1156169129912894,214833375.0,0.4469078580538432,5.602947291007603,2.7403400366926176,13.447068336201706,12.35624316925957,8.473371402111532,5.6851941982669505,7.844121045194103,9.615903132566952,2.8704241111039286,2.944854161574333,28040518.0,5.569473505940556,False,40
150,0.001,0.36553604677975005,5.0643174331541285,2.5087648724272937,13.464465998376694,12.38385255433426,8.375537680300226,5.629363129681317,8.400148565222565,9.875087681906965,3.311220247146098,3.120598257254023,214833375.0,0.44351018733448455,5.581361139633845,2.725823280083485,13.447068336201706,12.35624316925957,8.473371402111532,5.6851941982669505,7.865707196567861,9.630419889176084,2.8920102624776867,2.9593709181834655,28040518.0,5.569473505940556,False,41
151,0.001,0.36516072655702964,5.061959889922505,2.5068408577694226,13.464113819903698,12.383655078034314,8.375257394178867,5.6292503393618425,8.402153929981193,9.876814220264892,3.3132975042563615,3.12240948159242,214833375.0,0.44716336263550654,5.604325860056577,2.7381181537017256,13.447068336201706,12.35624316925957,8.473371402111532,5.6851941982669505,7.842742476145129,9.618125015557844,2.8690455420549545,2.947076044565225,28040518.0,5.569473505940556,False,42
152,0.001,0.36442476703274634,5.0572074131249956,2.504869077604911,13.464378964786652,12.384105139622742,8.375168930229455,5.629604033823888,8.407171551661657,9.879236062017831,3.317961517104459,3.124734956218977,214833375.0,0.4475904338889652,5.60719783604487,2.7264055268165874,13.447068336201706,12.35624316925957,8.473371402111532,5.6851941982669505,7.839870500156836,9.629837642442983,2.866173566066662,2.958788671450363,28040518.0,5.569473505940556,False,43
153,0.001,0.36419393205223194,5.053757723891657,2.50243629132345,13.464637110179906,12.384324719099162,8.376167436896134,5.630035179007917,8.410879386288249,9.881888427775712,3.322409713004477,3.127598887684467,214833375.0,0.44502443075180054,5.59129047474402,2.740947135855336,13.447068336201706,12.35624316925957,8.473371402111532,5.6851941982669505,7.855777861457686,9.615296033404233,2.882080927367512,2.9442470624116144,28040518.0,5.569473505940556,False,44
154,0.001,0.3634757543763807,5.049389728767585,2.499102758707766,13.463412327738341,12.383280487726825,8.375542655442406,5.629203693327445,8.414022598970757,9.88417772901906,3.326152926674821,3.1301009346196786,214833375.0,0.4477301173739963,5.60780594096501,2.7387519552955477,13.447068336201706,12.35624316925957,8.473371402111532,5.6851941982669505,7.839262395236696,9.617491213964021,2.865565461146522,2.946442242971403,28040518.0,5.569473505940556,False,45
155,0.001,0.3622262673643677,5.042014020572441,2.496449105614991,13.464440783812671,12.383842456973921,8.376304563697364,5.629824598366059,8.422426763240232,9.88739335135893,3.334290543124923,3.133375492751068,214833375.0,0.4460010906060537,5.59727909973398,2.7201412835882706,13.447068336201706,12.35624316925957,8.473371402111532,5.6851941982669505,7.849789236467727,9.636101885671298,2.876092302377552,2.96505291467868,28040518.0,5.569473505940556,False,46
156,0.001,0.3619031005066511,5.038996235808404,2.4946798300659756,13.464617885602548,12.384068311080622,8.375229577524845,5.629710820071602,8.425621649794145,9.889388481014645,3.336233341716441,3.1350309900056264,214833375.0,0.4481769793563419,5.610939121104605,2.730670243859261,13.447068336201706,12.35624316925957,8.473371402111532,5.6851941982669505,7.836129215097102,9.625572925400308,2.862432281006927,2.9545239544076893,28040518.0,5.569473505940556,False,47
157,0.001,0.36110770160501654,5.0339911704083855,2.491996750679451,13.463899786319404,12.383580533052651,8.374746002049376,5.629128559517347,8.429908615911017,9.8915837823732,3.3407548316409903,3.137131808837896,214833375.0,0.447655713558197,5.607545495501054,2.760139737789437,13.447068336201706,12.35624316925957,8.473371402111532,5.6851941982669505,7.839522840700652,9.596103431470132,2.8658259066104774,2.9250544604775133,28040518.0,5.569473505940556,False,48
158,0.001,0.3608884007350441,5.031035403736171,2.490226421988669,13.464892214023658,12.384423728389502,8.376136735753903,5.629948578171339,8.433856810287487,9.894197306400832,3.345101332017732,3.13972215618267,214833375.0,0.44592086407873366,5.59641433572568,2.720130317314395,13.447068336201706,12.35624316925957,8.473371402111532,5.6851941982669505,7.850654000476026,9.636112851945175,2.8769570663858515,2.9650638809525556,28040518.0,5.569473505940556,False,49
159,0.001,0.36023667306144913,5.026655492242427,2.485988444532885,13.463466931599799,12.38291893892185,8.37486599563508,5.6290641939363475,8.43681143935737,9.896930494388965,3.348210503392653,3.1430757494034625,214833375.0,0.4479387912485335,5.609389170105962,2.740172466678397,13.447068336201706,12.35624316925957,8.473371402111532,5.6851941982669505,7.837679166095744,9.616070702581172,2.8639822320055695,2.9450217315885534,28040518.0,5.569473505940556,False,50
160,0.001,0.35932983069126206,5.020942279836649,2.485267709800677,13.464497396900718,12.384090307197381,8.375503234362114,5.629769691278183,8.443555117064069,9.898822597396704,3.354560954525465,3.144501981477506,214833375.0,0.4467882467640771,5.602261375669463,2.71821660890858,13.447068336201706,12.35624316925957,8.473371402111532,5.6851941982669505,7.844806960532243,9.638026560350989,2.871110026442069,2.9669775893583705,28040518.0,5.569473505940556,False,51
161,0.001,0.358551060873742,5.016311879238144,2.482372837495571,13.464235486773177,12.38386763578983,8.374118012334954,5.628903062664262,8.447923607535033,9.901494798294259,3.35780613309681,3.1465302251686915,214833375.0,0.44953279495239257,5.619100886784898,2.7232872623822426,13.447068336201706,12.35624316925957,8.473371402111532,5.6851941982669505,7.827967449416808,9.632955906877326,2.8542705153266335,2.961906935884708,28040518.0,5.569473505940556,False,52
162,0.001,0.3578236877393862,5.0103396153738124,2.478678433925827,13.463849887437688,12.383623694409678,8.375026583181295,5.629333487522597,8.453510272063875,9.904945260483851,3.364686967807483,3.15065505359677,214833375.0,0.4473457309934828,5.605300355377762,2.7272096555955208,13.447068336201706,12.35624316925957,8.473371402111532,5.6851941982669505,7.841767980823945,9.629033513664048,2.8680710467337702,2.9579845426714297,28040518.0,5.569473505940556,False,53
163,0.001,0.3577654002523842,5.009399210207779,2.4797914962584375,13.464531803685992,12.384058313797844,8.375835963528115,5.629548791010707,8.455132593478211,9.904266817539407,3.366436753320335,3.14975729475227,214833375.0,0.45149345795313517,5.6309072776403895,2.746049981583792,13.447068336201706,12.35624316925957,8.473371402111532,5.6851941982669505,7.816161058561317,9.610193187675776,2.8424641244711424,2.9391442166831583,28040518.0,5.569473505940556,False,54
164,0.001,0.3573809537894565,5.0080528025801,2.478421561593956,13.463864818538912,12.383793171102953,8.374966954301009,5.629009601045461,8.455812015958813,9.905371609508997,3.3669141517209082,3.150588039451505,214833375.0,0.4502791623274485,5.623313743067848,2.756346481366714,13.447068336201706,12.35624316925957,8.473371402111532,5.6851941982669505,7.823754593133859,9.599896687892855,2.850057659043684,2.9288477169002367,28040518.0,5.569473505940556,False,55
165,0.001,0.35634168318289816,4.99958625666243,2.473663442656431,13.464083414768941,12.383480556733794,8.375083090888294,5.629070346960755,8.46449715810651,9.909817114077363,3.3754968342258644,3.155406904304324,214833375.0,0.448773858944575,5.613973177827985,2.721969042708127,13.447068336201706,12.35624316925957,8.473371402111532,5.6851941982669505,7.833095158373721,9.634274126551443,2.859398224283547,2.9632251555588236,28040518.0,5.569473505940556,False,56
166,0.001,0.35625473879649144,4.999538501987737,2.4738427941538412,13.463957017065301,12.383673260730555,8.375753290425331,5.629563042753483,8.464418515077565,9.909830466576715,3.3762147884375944,3.1557202485996414,214833375.0,0.44796188142564564,5.609062711423875,2.7333452523951234,13.447068336201706,12.35624316925957,8.473371402111532,5.6851941982669505,7.838005624777831,9.622897916864446,2.8643086906876567,2.951848945871827,28040518.0,5.569473505940556,False,57
167,0.001,0.3553999332913206,4.993471566373626,2.471423606201783,13.46461915986688,12.384051947235852,8.37524782425991,5.62939102281012,8.471147593493253,9.912628341034068,3.381776257886284,3.157967416608337,214833375.0,0.44754665957556833,5.606713024557461,2.7454336346425556,13.447068336201706,12.35624316925957,8.473371402111532,5.6851941982669505,7.840355311644245,9.610809534617013,2.866658377554071,2.939760563624395,28040518.0,5.569473505940556,False,58
168,0.001,0.3548786641915173,4.989066002979224,2.4681891471704525,13.463953471352122,12.383780863890445,8.375927382484202,5.629522670185673,8.474887468372899,9.915591716719993,3.3868613795049773,3.1613335230152204,214833375.0,0.4490939411852095,5.61613960349896,2.7293369165826395,13.447068336201706,12.35624316925957,8.473371402111532,5.6851941982669505,7.830928732702747,9.62690625267693,2.857231798612572,2.955857281684311,28040518.0,5.569473505940556,False,59
169,0.001,0.35389149215214416,4.983567399603209,2.4650067223609926,13.465449765105625,12.38479115267821,8.375532638464119,5.629887696104015,8.481882365502415,9.919784430317216,3.3919652388609096,3.164880973743023,214833375.0,0.4493362797631158,5.617153607678384,2.752404128197632,13.447068336201706,12.35624316925957,8.473371402111532,5.6851941982669505,7.829914728523322,9.603839041061937,2.8562177944331477,2.9327900700693186,28040518.0,5.569473505940556,False,60
170,0.001,0.3531752775841095,4.977985772048174,2.4607956835151894,13.463389810703124,12.383047366360092,8.375852511721877,5.629438233817255,8.485404038654949,9.922251682844902,3.3978667396737032,3.1686425503020654,214833375.0,0.44949154721366036,5.618537383716713,2.75434698192808,13.447068336201706,12.35624316925957,8.473371402111532,5.6851941982669505,7.828530952484993,9.601896187331489,2.8548340183948184,2.9308472163388704,28040518.0,5.569473505940556,False,61
171,0.001,0.35315264040423977,4.977453215939422,2.461354771459509,13.465973548241175,12.385027224005581,8.376509994349115,5.630672865656931,8.488520332301754,9.923672452546072,3.399056778409694,3.1693180941974215,214833375.0,0.4490348617235819,5.615410145145115,2.7188645819595774,13.447068336201706,12.35624316925957,8.473371402111532,5.6851941982669505,7.831658191056591,9.637378587299992,2.8579612569664166,2.966329616307373,28040518.0,5.569473505940556,False,62
172,0.001,0.352746068295146,4.974783436377278,2.4603584801476956,13.464942745813826,12.384321779611756,8.376334022224007,5.629874812281844,8.490159309436548,9.923963299464061,3.4015505858467296,3.169516332134148,214833375.0,0.4513273451063368,5.630269664859162,2.745470928889402,13.447068336201706,12.35624316925957,8.473371402111532,5.6851941982669505,7.816798671342545,9.610772240370167,2.84310173725237,2.9397232693775486,28040518.0,5.569473505940556,False,63
173,0.001,0.3521251568346779,4.969963525696521,2.4583118160760637,13.463780984554045,12.383482104444898,8.375291272571154,5.629133137483875,8.493817458857524,9.925170288368834,3.405327746874633,3.1708213214078116,214833375.0,0.4506726907359229,5.626487178546529,2.7426944511153466,13.447068336201706,12.35624316925957,8.473371402111532,5.6851941982669505,7.820581157655178,9.613548718144223,2.846884223565003,2.942499747151604,28040518.0,5.569473505940556,False,64
174,0.001,0.35208593566746305,4.969834227222484,2.458510661169383,13.464002840207467,12.383878240520124,8.375213227625032,5.629484313715222,8.494168612984982,9.925367579350741,3.405379000402548,3.170973652545839,214833375.0,0.45164378682772316,5.632386616456238,2.732320652475108,13.447068336201706,12.35624316925957,8.473371402111532,5.6851941982669505,7.814681719745468,9.62392251678446,2.8409847856552934,2.9528735457918427,28040518.0,5.569473505940556,False,65
175,0.001,0.35098347784487033,4.962943619260432,2.45440104162121,13.464033345091213,12.383812687390867,8.375472825339092,5.629656102083766,8.50108972583078,9.929411645769656,3.412529206078659,3.1752550604625562,214833375.0,0.45190280477205913,5.634232811993039,2.7402837342377198,13.447068336201706,12.35624316925957,8.473371402111532,5.6851941982669505,7.812835524208667,9.61595943502185,2.839138590118493,2.9449104640292307,28040518.0,5.569473505940556,False,66
176,0.001,0.35015832503869737,4.957204133501452,2.4514557180070367,13.465070039286667,12.384548785774092,8.376204927636248,5.629961430573811,8.507865905785216,9.933093067767055,3.4190007941347966,3.1785057125667744,214833375.0,0.45062916543748643,5.625631723837722,2.7400156623354817,13.447068336201706,12.35624316925957,8.473371402111532,5.6851941982669505,7.821436612363985,9.616227506924087,2.8477396782738102,2.945178535931469,28040518.0,5.569473505940556,False,67
177,0.001,0.3497609032039419,4.954048044991154,2.449872459295489,13.464872281822439,12.384084425895185,8.377082751161002,5.630379100198002,8.510824236831285,9.934211966599698,3.4230347061698474,3.1805066409025136,214833375.0,0.45079507099257576,5.626956980070331,2.7387452373383403,13.447068336201706,12.35624316925957,8.473371402111532,5.6851941982669505,7.820111356131375,9.617497931921228,2.8464144220412004,2.94644896092861,28040518.0,5.569473505940556,False,68
178,0.001,0.34887288506429565,4.947356206617473,2.4461078853553366,13.464686141889032,12.384076161350627,8.376956386974394,5.630037017060315,8.517329935271558,9.93796827599529,3.4296001803569203,3.183929131704978,214833375.0,0.4502942502498627,5.623629697223572,2.736686725081184,13.447068336201706,12.35624316925957,8.473371402111532,5.6851941982669505,7.823438638978134,9.619556444178386,2.8497417048879594,2.9485074731857663,28040518.0,5.569473505940556,False,69
179,0.001,0.3481745289917216,4.941840229646839,2.442901911190475,13.464115382543508,12.383810986072346,8.375181492010464,5.629501913983337,8.522275152896668,9.940909074881871,3.4333412623636246,3.1866000027928623,214833375.0,0.45116229322221546,5.6288150508960015,2.7313549450120713,13.447068336201706,12.35624316925957,8.473371402111532,5.6851941982669505,7.818253285305705,9.624888224247497,2.8445563512155303,2.953839253254879,28040518.0,5.569473505940556,False,70
180,0.001,0.34804851917926866,4.94118491803718,2.4431988997868697,13.464543964928273,12.384076633809807,8.375156710791979,5.6296015295575,8.523359046891093,9.940877734022937,3.4339717927547984,3.1864026297706305,214833375.0,0.4500532971488105,5.622099336285166,2.724573147150848,13.447068336201706,12.35624316925957,8.473371402111532,5.6851941982669505,7.82496899991654,9.631670022108722,2.8512720658263655,2.9606210511161026,28040518.0,5.569473505940556,False,71
181,0.001,0.3472656528970713,4.93592613373015,2.4402831770203304,13.464558646351959,12.384129346755364,8.375849244544055,5.6299228739482405,8.528632512621808,9.943846169735034,3.439923110813905,3.18963969692791,214833375.0,0.449510869052675,5.6185056422447,2.739635683174612,13.447068336201706,12.35624316925957,8.473371402111532,5.6851941982669505,7.828562693957006,9.616607486084957,2.854865759866832,2.9455585150923387,28040518.0,5.569473505940556,False,72
182,0.001,0.3475950343692757,4.935518620614543,2.4395618578235343,13.464557873354728,12.38406458610074,8.375682225538501,5.629688510339699,8.529039252740185,9.944502728277206,3.440163604923958,3.190126652516165,214833375.0,0.44995103345976933,5.621223736884016,2.7121279820864936,13.447068336201706,12.35624316925957,8.473371402111532,5.6851941982669505,7.825844599317691,9.644115187173075,2.852147665227516,2.973066216180457,28040518.0,5.569473505940556,False,73
183,0.001,0.34604597004277965,4.927714884611697,2.435807024281027,13.463807731914011,12.383575571067578,8.375042502151953,5.628958499232254,8.536092847302314,9.94776854678655,3.447327617540256,3.1931514749512266,214833375.0,0.45147126184569464,5.631256453006966,2.7495215985310972,13.447068336201706,12.35624316925957,8.473371402111532,5.6851941982669505,7.8158118831947405,9.606721570728471,2.842114949104566,2.9356725997358533,28040518.0,5.569473505940556,False,74
184,0.001,0.34592575193150654,4.925986495827084,2.4352898275233072,13.465017960649842,12.38445279510225,8.375695516245921,5.6295677743274295,8.539031464822758,9.949162967578943,3.4497090204188368,3.1942779468041222,214833375.0,0.4499558389186859,5.621642538068476,2.7318605392739177,13.447068336201706,12.35624316925957,8.473371402111532,5.6851941982669505,7.825425798133231,9.624382629985652,2.8517288640430563,2.953333658993033,28040518.0,5.569473505940556,False,75
185,0.001,0.3454618576335068,4.922729712712693,2.4327467281329076,13.463620723311054,12.383398538518515,8.374212130334088,5.628494336599236,8.540891010598362,9.950651810385608,3.4514824176213956,3.1957476084663288,214833375.0,0.4513683398564657,5.630338934127704,2.7465614713323054,13.447068336201706,12.35624316925957,8.473371402111532,5.6851941982669505,7.816729402074002,9.609681697927265,2.8430324679838277,2.938632726934645,28040518.0,5.569473505940556,False,76
186,0.001,0.3453448934813748,4.9212411535452185,2.432517718964756,13.464710913495724,12.383997560900395,8.375864794609644,5.629709832678465,8.543469759950504,9.95147984193564,3.4546236410644253,3.197192113713709,214833375.0,0.45136244230800204,5.630269739284811,2.718780941832102,13.447068336201706,12.35624316925957,8.473371402111532,5.6851941982669505,7.816798596916895,9.637462227427466,2.8431016628267205,2.9664132564348487,28040518.0,5.569473505940556,False,77
187,0.001,0.3443810771986886,4.915550173521869,2.4284746419754377,13.464443761053056,12.38402911791522,8.376101974407321,5.629523925228098,8.548893587531186,9.955554475939783,3.460551800885452,3.2010492832526607,214833375.0,0.45113488369517857,5.629062647549452,2.7451627520754074,13.447068336201706,12.35624316925957,8.473371402111532,5.6851941982669505,7.818005688652255,9.611080417184162,2.84430875456208,2.940031446191543,28040518.0,5.569473505940556,False,78
188,0.001,0.34392804265721455,4.912502195486517,2.426806942822548,13.463777689099716,12.383345268164222,8.375928230531075,5.629087125080076,8.5512754936132,9.956538325341674,3.4634260350445585,3.202280182257528,214833375.0,0.4538565648926629,5.645739604358408,2.7417217337069166,13.447068336201706,12.35624316925957,8.473371402111532,5.6851941982669505,7.801328731843299,9.614521435552653,2.8276317977531242,2.943472464560034,28040518.0,5.569473505940556,False,79
189,0.001,0.34363452141935175,4.909806876877185,2.425334337890935,13.464494824840815,12.3839395054423,8.375996958164894,5.629854454062364,8.554687947963629,9.958605167551365,3.466190081287709,3.2045201161714285,214833375.0,0.4531185295846727,5.641487211523428,2.7497896659755003,13.447068336201706,12.35624316925957,8.473371402111532,5.6851941982669505,7.8055811246782785,9.606453503284069,2.831884190588104,2.93540453229145,28040518.0,5.569473505940556,False,80
190,0.001,0.3423364501544807,4.9006801347796625,2.4209684069107045,13.46343792177017,12.383192642902902,8.37613369819858,5.629399529984576,8.562757786990508,9.962224235992197,3.4754535634189168,3.208431123073871,214833375.0,0.4515719711780548,5.631674843728931,2.7345602821067714,13.447068336201706,12.35624316925957,8.473371402111532,5.6851941982669505,7.815393492472776,9.621682887152797,2.8416965583826013,2.950633916160179,28040518.0,5.569473505940556,False,81
191,0.001,0.34238023771918064,4.90082840367399,2.422442011163303,13.463306747521038,12.382726945941243,8.376165735293577,5.629187846162171,8.562478343847047,9.96028493477794,3.4753373316195875,3.2067458349988684,214833375.0,0.4509049355983734,5.62771850241746,2.736878177945928,13.447068336201706,12.35624316925957,8.473371402111532,5.6851941982669505,7.819349833784246,9.619364991313642,2.8456528996940715,2.9483160203210224,28040518.0,5.569473505940556,False,82
192,0.001,0.34195311966180103,4.898436460566571,2.420163744052804,13.464088373049456,12.383689660649795,8.375599895207609,5.6295898583029755,8.565651912482885,9.963525916596991,3.477163434641038,3.2094261142501717,214833375.0,0.45240210228496125,5.637663029008689,2.7525171476860733,13.447068336201706,12.35624316925957,8.473371402111532,5.6851941982669505,7.809405307193018,9.603726021573497,2.835708373102843,2.9326770505808772,28040518.0,5.569473505940556,False,83
193,0.001,0.34096144930708094,4.8907661449869835,2.4153116281397153,13.464731110742747,12.384312886673218,8.375147360848315,5.629327010991658,8.573964965755764,9.969001258533503,3.4843812158613314,3.214015382851943,214833375.0,0.45107267300287884,5.628729850457773,2.7422559205218677,13.447068336201706,12.35624316925957,8.473371402111532,5.6851941982669505,7.818338485743933,9.6139872487377,2.8446415516537584,2.9429382777450828,28040518.0,5.569473505940556,False,84
194,0.001,0.34079455062091524,4.889963557564498,2.416012748251988,13.464602787324152,12.38402015515513,8.37662226808792,5.629840926718207,8.574639229759654,9.96800740690314,3.486658710523421,3.2138281784662186,214833375.0,0.4511248939567142,5.6289678619927574,2.731943588738268,13.447068336201706,12.35624316925957,8.473371402111532,5.6851941982669505,7.818100474208949,9.624299580521301,2.8444035401187744,2.9532506095286823,28040518.0,5.569473505940556,False,85
195,0.001,0.34014802026259233,4.88549628090834,2.412580448394017,13.464298102287138,12.383828660234938,8.375991894931863,5.62986518039853,8.578801821378798,9.971248211840921,3.490495614023523,3.2172847320045124,214833375.0,0.45347710847854616,5.643512358794331,2.739693503522296,13.447068336201706,12.35624316925957,8.473371402111532,5.6851941982669505,7.803555977407375,9.616549665737274,2.8298590433172004,2.9455006947446547,28040518.0,5.569473505940556,False,86
196,0.001,0.33993941597924554,4.882610151090563,2.4107665210887275,13.463512480515652,12.383256385326534,8.376114764301184,5.629415783278552,8.58090232942509,9.972489864237808,3.4935046132106207,3.2186492621898246,214833375.0,0.45108683307965597,5.628783498848381,2.7316284955934123,13.447068336201706,12.35624316925957,8.473371402111532,5.6851941982669505,7.818284837353326,9.624614673666157,2.844587903263151,2.9535657026735382,28040518.0,5.569473505940556,False,87
197,0.001,0.3391765838494399,4.878028725824413,2.4088946421849027,13.464823577130588,12.384246375824985,8.37582793977918,5.629856460268336,8.586794851306175,9.975351733640082,3.4977992139547673,3.220961818083433,214833375.0,0.4512153459919824,5.62953495024213,2.724848960083405,13.447068336201706,12.35624316925957,8.473371402111532,5.6851941982669505,7.817533385959576,9.631394209176165,2.843836451869402,2.9603452381835456,28040518.0,5.569473505940556,False,88
198,0.001,0.338476362990494,4.872874866575247,2.4059386757295043,13.46409125287547,12.383789488016003,8.374982033023535,5.629098168522465,8.591216386300223,9.977850812286498,3.5021071664482886,3.223159492792961,214833375.0,0.4543683648109436,5.649358061010914,2.7265764758696682,13.447068336201706,12.35624316925957,8.473371402111532,5.6851941982669505,7.797710275190792,9.6296666933899,2.824013341100618,2.9586177223972823,28040518.0,5.569473505940556,False,89
199,0.001,0.3383694356662437,4.8725375800543,2.406345017388476,13.464169201545586,12.383947029878389,8.375638896518785,5.629248068415813,8.591631621491285,9.977602012489912,3.503101316464485,3.222903051027337,214833375.0,0.453196523586909,5.6416035070185,2.7337963942035595,13.447068336201706,12.35624316925957,8.473371402111532,5.6851941982669505,7.805464829183206,9.622446775056009,2.831767895093032,2.951397804063391,28040518.0,5.569473505940556,False,90
200,0.001,0.33829185427808345,4.8717152748929955,2.4075766300278065,13.464585276010327,12.384147370025724,8.375483366471919,5.6296658328809475,8.592870001117332,9.976570739997918,3.503768091578923,3.222089202853141,214833375.0,0.45441964798503454,5.649344280379034,2.740679326965358,13.447068336201706,12.35624316925957,8.473371402111532,5.6851941982669505,7.797724055822672,9.615563842294211,2.824027121732498,2.9445148713015925,28040518.0,5.569473505940556,False,91
