osm_id,osm_type,name,building,height,height_m,building:levels,estimated_height,height_source,height_note,category,centroid_lat,centroid_lon,geometry_status,tags,geometry
188600671,way,图书馆,yes,,,,,missing,缺少高度和楼层数信息,missing_height_and_levels,39.950709726872034,116.3373177144966,ok,"{""amenity"": ""library"", ""building"": ""yes"", ""name"": ""图书馆"", ""name:zh"": ""图书馆"", ""name:zh-Hans"": ""图书馆"", ""name:zh-Hant"": ""图书馆""}","{""type"": ""Polygon"", ""coordinates"": [[[116.3369697, 39.9506909], [116.3369858, 39.9505799], [116.3373613, 39.9504195], [116.3374472, 39.9504319], [116.3374941, 39.9504931], [116.3375759, 39.9504606], [116.3376872, 39.9504808], [116.3377476, 39.950547], [116.3377194, 39.9506329], [116.3376242, 39.9506786], [116.3376872, 39.9507275], [116.3376604, 39.9508303], [116.337592, 39.9508678], [116.3375169, 39.9508636], [116.3374136, 39.9509085], [116.3373828, 39.9509665], [116.337313, 39.9510035], [116.3372004, 39.950987], [116.3371467, 39.9509377], [116.3370877, 39.9509706], [116.336959, 39.9509541], [116.3369, 39.9508801], [116.3369214, 39.9507814], [116.3370234, 39.9507526], [116.3369697, 39.9506909]]]}"
276198909,way,思源东楼,school,,,,,missing,缺少高度和楼层数信息,missing_height_and_levels,39.950217249999994,116.33565975,ok,"{""building"": ""school"", ""name"": ""思源东楼"", ""name:zh"": ""思源东楼"", ""name:zh-Hans"": ""思源东楼"", ""name:zh-Hant"": ""思源東樓""}","{""type"": ""Polygon"", ""coordinates"": [[[116.3353249, 39.9500458], [116.3360552, 39.9501589], [116.3359946, 39.9503887], [116.3352643, 39.9502756], [116.3353249, 39.9500458]]]}"
276199032,way,科学会堂,school,,,,,missing,缺少高度和楼层数信息,missing_height_and_levels,39.95050945310306,116.33563082077102,ok,"{""building"": ""school"", ""name"": ""科学会堂"", ""name:zh"": ""科学会堂"", ""name:zh-Hans"": ""科学会堂"", ""name:zh-Hant"": ""科學會堂""}","{""type"": ""Polygon"", ""coordinates"": [[[116.3353294, 39.9505839], [116.3354054, 39.950339], [116.3359322, 39.950435], [116.3358563, 39.9506799], [116.3353294, 39.9505839]]]}"
276200624,way,15号学生公寓,apartments,,,,,missing,缺少高度和楼层数信息,missing_height_and_levels,39.94970295,116.33288399999999,ok,"{""building"": ""apartments"", ""name"": ""15号学生公寓"", ""name:zh"": ""15号学生公寓"", ""name:zh-Hans"": ""15号学生公寓"", ""name:zh-Hant"": ""15號學生公寓""}","{""type"": ""Polygon"", ""coordinates"": [[[116.3324991, 39.9496997], [116.3325419, 39.9495678], [116.3332689, 39.9497062], [116.3332261, 39.9498381], [116.3324991, 39.9496997]]]}"
276200628,way,9号公寓,apartments,,,,,missing,缺少高度和楼层数信息,missing_height_and_levels,39.94953759999161,116.33290743331254,ok,"{""building"": ""apartments"", ""name"": ""9号公寓"", ""name:zh"": ""9号公寓"", ""name:zh-Hans"": ""9号公寓"", ""name:zh-Hant"": ""9號公寓""}","{""type"": ""Polygon"", ""coordinates"": [[[116.3325104, 39.9495378], [116.332556, 39.9493959], [116.3333045, 39.9495374], [116.3332588, 39.9496793], [116.3325104, 39.9495378]]]}"
276201135,way,8号公寓,apartments,,,,,missing,缺少高度和楼层数信息,missing_height_and_levels,39.94917774995601,116.33298763321449,ok,"{""building"": ""apartments"", ""name"": ""8号公寓"", ""name:zh"": ""8号公寓"", ""name:zh-Hans"": ""8号公寓"", ""name:zh-Hant"": ""8號公寓""}","{""type"": ""Polygon"", ""coordinates"": [[[116.3325927, 39.9491788], [116.3326319, 39.9490461], [116.3333826, 39.9491767], [116.3333433, 39.9493094], [116.3325927, 39.9491788]]]}"
276201139,way,2号学生公寓,apartments,,,,,missing,缺少高度和楼层数信息,missing_height_and_levels,39.948003983149,116.33432779564741,ok,"{""building"": ""apartments"", ""building:flats"": ""5"", ""name"": ""2号学生公寓""}","{""type"": ""Polygon"", ""coordinates"": [[[116.3338863, 39.9479635], [116.3339157, 39.9478609], [116.3347801, 39.9480063], [116.3347398, 39.9481471], [116.3338754, 39.9480016], [116.3338863, 39.9479635]]]}"
276202112,way,东阶梯教室,school,,,,,missing,缺少高度和楼层数信息,missing_height_and_levels,39.949379766963396,116.3365366713528,ok,"{""building"": ""school"", ""name"": ""东阶梯教室"", ""name:zh"": ""东阶梯教室"", ""name:zh-Hans"": ""东阶梯教室"", ""name:zh-Hant"": ""東階梯教室""}","{""type"": ""Polygon"", ""coordinates"": [[[116.3363678, 39.9494076], [116.3364119, 39.9492745], [116.3367069, 39.9493252], [116.3366766, 39.9494647], [116.336627, 39.9494774], [116.3364008, 39.9494457], [116.3363678, 39.9494076]]]}"
276202117,way,留园公寓,apartments,,,,,missing,缺少高度和楼层数信息,missing_height_and_levels,39.94889775,116.33748179999999,ok,"{""building"": ""apartments"", ""name"": ""留园公寓"", ""name:zh"": ""留园公寓"", ""name:zh-Hans"": ""留园公寓"", ""name:zh-Hant"": ""留園公寓""}","{""type"": ""Polygon"", ""coordinates"": [[[116.337099, 39.9489034], [116.3371345, 39.9487742], [116.3378646, 39.9488921], [116.3378291, 39.9490213], [116.337099, 39.9489034]]]}"
287661510,way,一号宿舍楼,apartments,,,,,missing,缺少高度和楼层数信息,missing_height_and_levels,39.94947779999999,116.33732879999998,ok,"{""building"": ""apartments"", ""name"": ""一号宿舍楼"", ""name:zh"": ""一号宿舍楼"", ""name:zh-Hans"": ""一号宿舍楼"", ""name:zh-Hant"": ""一號宿舍樓""}","{""type"": ""Polygon"", ""coordinates"": [[[116.3369573, 39.9494991], [116.3369962, 39.9493492], [116.3377003, 39.9494565], [116.3376614, 39.9496064], [116.3369573, 39.9494991]]]}"
287662019,way,22号学生公寓,yes,,,,,missing,缺少高度和楼层数信息,missing_height_and_levels,39.948372155473756,116.33222438431166,ok,"{""building"": ""yes"", ""name"": ""22号学生公寓"", ""name:zh"": ""22号学生公寓"", ""name:zh-Hans"": ""22号学生公寓"", ""name:zh-Hant"": ""22號學生公寓""}","{""type"": ""Polygon"", ""coordinates"": [[[116.3317991, 39.9487035], [116.3318579, 39.9484869], [116.332088, 39.9483192], [116.332603, 39.9480872], [116.3326665, 39.9481616], [116.3326665, 39.9482415], [116.332307, 39.9484128], [116.332148, 39.9484885], [116.332025, 39.9485514], [116.3319464, 39.9486215], [116.331897, 39.9487217], [116.3317991, 39.9487035]]]}"
287662861,way,20号宿舍楼,yes,,,,,missing,缺少高度和楼层数信息,missing_height_and_levels,39.9487253178278,116.33225360573209,ok,"{""building"": ""yes"", ""name"": ""20号宿舍楼"", ""name:zh"": ""20号宿舍楼"", ""name:zh-Hans"": ""20号宿舍楼"", ""name:zh-Hant"": ""20號宿舍樓""}","{""type"": ""Polygon"", ""coordinates"": [[[116.3320569, 39.9486148], [116.3324952, 39.9486997], [116.3324503, 39.9488358], [116.3320121, 39.948751], [116.3320569, 39.9486148]]]}"
287662943,way,主席台,house,,,,,missing,缺少高度和楼层数信息,missing_height_and_levels,39.95096406658259,116.33108134182288,ok,"{""building"": ""house"", ""name"": ""主席台"", ""name:zh"": ""主席台"", ""name:zh-Hans"": ""主席台"", ""name:zh-Hant"": ""主席台""}","{""type"": ""Polygon"", ""coordinates"": [[[116.3308524, 39.9515463], [116.3311891, 39.9503621], [116.3313103, 39.9503823], [116.3309733, 39.9515665], [116.3308524, 39.9515463]]]}"
468435300,way,未命名建筑_468435300,yes,,,,,missing,缺少高度和楼层数信息,missing_height_and_levels,39.948993449999996,116.33893510000001,ok,"{""building"": ""yes""}","{""type"": ""Polygon"", ""coordinates"": [[[116.3386681, 39.949048], [116.3391566, 39.94912], [116.3392021, 39.9489389], [116.3387136, 39.9488669], [116.3386681, 39.949048]]]}"
468435307,way,未命名建筑_468435307,apartments,,,,,missing,缺少高度和楼层数信息,missing_height_and_levels,39.949290609174156,116.34072575358947,ok,"{""building"": ""apartments"", ""building:flats"": ""2""}","{""type"": ""Polygon"", ""coordinates"": [[[116.3404342, 39.9492616], [116.3405845, 39.9492921], [116.3405649, 39.949349], [116.3409353, 39.9494241], [116.34099, 39.9492657], [116.3404692, 39.9491602], [116.3404342, 39.9492616]]]}"
468435308,way,未命名建筑_468435308,apartments,,,,,missing,缺少高度和楼层数信息,missing_height_and_levels,39.949539182401026,116.34178608754185,ok,"{""building"": ""apartments""}","{""type"": ""Polygon"", ""coordinates"": [[[116.3415941, 39.9496295], [116.3419095, 39.94968], [116.3419801, 39.9494635], [116.3419283, 39.9494274], [116.3418201, 39.9494599], [116.3417589, 39.9493986], [116.3416883, 39.9493769], [116.3416506, 39.9494455], [116.3415941, 39.9496295]]]}"
468435310,way,未命名建筑_468435310,yes,,,,,missing,缺少高度和楼层数信息,missing_height_and_levels,39.94990559484938,116.34090827246155,ok,"{""building"": ""yes""}","{""type"": ""Polygon"", ""coordinates"": [[[116.3407422, 39.9501022], [116.340954, 39.9501491], [116.3410905, 39.9497305], [116.3408411, 39.9496656], [116.3407422, 39.9501022]]]}"
468435313,way,未命名建筑_468435313,yes,,,,,missing,缺少高度和楼层数信息,missing_height_and_levels,39.95050723775549,116.34139138733822,ok,"{""building"": ""yes""}","{""type"": ""Polygon"", ""coordinates"": [[[116.3409776, 39.9505604], [116.3414906, 39.9506398], [116.3415141, 39.950564], [116.3416694, 39.9505748], [116.3417212, 39.9503403], [116.3415894, 39.9503114], [116.3415141, 39.9505099], [116.3410105, 39.9504486], [116.3409776, 39.9505604]]]}"
468435314,way,未命名建筑_468435314,yes,,,,,missing,缺少高度和楼层数信息,missing_height_and_levels,39.95021509111142,116.341316673629,ok,"{""building"": ""yes""}","{""type"": ""Polygon"", ""coordinates"": [[[116.3410999, 39.9502429], [116.3415, 39.9502898], [116.3415424, 39.950196], [116.3411423, 39.9501346], [116.3410999, 39.9502429]]]}"
478014192,way,未命名建筑_478014192,yes,,,,,missing,缺少高度和楼层数信息,missing_height_and_levels,39.949246099999996,116.3370306,ok,"{""building"": ""yes""}","{""type"": ""Polygon"", ""coordinates"": [[[116.3369703, 39.9492435], [116.3370861, 39.9492644], [116.3370909, 39.9492487], [116.3369751, 39.9492278], [116.3369703, 39.9492435]]]}"
478014193,way,未命名建筑_478014193,yes,,,,,missing,缺少高度和楼层数信息,missing_height_and_levels,39.94907315,116.33708574999999,ok,"{""building"": ""yes""}","{""type"": ""Polygon"", ""coordinates"": [[[116.3370326, 39.9490737], [116.3371359, 39.9490867], [116.3371389, 39.9490726], [116.3370356, 39.9490596], [116.3370326, 39.9490737]]]}"
478014194,way,未命名建筑_478014194,yes,,,,,missing,缺少高度和楼层数信息,missing_height_and_levels,39.94916,116.3370679,ok,"{""building"": ""yes""}","{""type"": ""Polygon"", ""coordinates"": [[[116.3369913, 39.9492084], [116.3371118, 39.9492282], [116.3371445, 39.9491116], [116.337024, 39.9490918], [116.3369913, 39.9492084]]]}"
478014195,way,未命名建筑_478014195,yes,,,,,missing,缺少高度和楼层数信息,missing_height_and_levels,39.94902270000001,116.33717720000001,ok,"{""building"": ""yes""}","{""type"": ""Polygon"", ""coordinates"": [[[116.3371166, 39.9490627], [116.3372063, 39.9490798], [116.3372378, 39.9489827], [116.3371481, 39.9489656], [116.3371166, 39.9490627]]]}"
478014196,way,未命名建筑_478014196,yes,,,,,missing,缺少高度和楼层数信息,missing_height_and_levels,39.949073600000006,116.3372701,ok,"{""building"": ""yes""}","{""type"": ""Polygon"", ""coordinates"": [[[116.3372171, 39.9490879], [116.3373065, 39.9491064], [116.3373231, 39.9490593], [116.3372337, 39.9490408], [116.3372171, 39.9490879]]]}"
478014197,way,未命名建筑_478014197,yes,,,,,missing,缺少高度和楼层数信息,missing_height_and_levels,39.94926045,116.33723144999999,ok,"{""building"": ""yes""}","{""type"": ""Polygon"", ""coordinates"": [[[116.3371786, 39.9492924], [116.3372587, 39.9493076], [116.3372843, 39.9492285], [116.3372042, 39.9492133], [116.3371786, 39.9492924]]]}"
478014198,way,未命名建筑_478014198,yes,,,,,missing,缺少高度和楼层数信息,missing_height_and_levels,39.94928397201185,116.3374800464802,ok,"{""building"": ""yes""}","{""type"": ""Polygon"", ""coordinates"": [[[116.337287, 39.949312], [116.3376387, 39.9493729], [116.3376731, 39.949256], [116.3373215, 39.949195], [116.337287, 39.949312]]]}"
478083544,way,世纪钟,yes,,,,,missing,缺少高度和楼层数信息,missing_height_and_levels,39.9490036780721,116.33601436058015,ok,"{""building"": ""yes"", ""name"": ""世纪钟"", ""name:zh"": ""世纪钟"", ""name:zh-Hans"": ""世纪钟"", ""name:zh-Hant"": ""世紀鐘""}","{""type"": ""Polygon"", ""coordinates"": [[[116.3359318, 39.9490447], [116.3360714, 39.9490652], [116.3360969, 39.9489626], [116.3359573, 39.9489422], [116.3359318, 39.9490447]]]}"
478575224,way,交大科技大厦,yes,,,,,missing,缺少高度和楼层数信息,missing_height_and_levels,39.95124858143228,116.33046186959588,ok,"{""building"": ""yes"", ""name"": ""交大科技大厦"", ""name:zh"": ""交大科技大厦"", ""name:zh-Hans"": ""交大科技大厦"", ""name:zh-Hant"": ""交大科技大廈""}","{""type"": ""Polygon"", ""coordinates"": [[[116.3301207, 39.9515404], [116.3306127, 39.9516164], [116.3308109, 39.9509707], [116.3303048, 39.9508757], [116.3301207, 39.9515404]]]}"
478580533,way,学苑公寓4号楼,dormitory,,,,,missing,缺少高度和楼层数信息,missing_height_and_levels,39.95229394576253,116.34182507852465,ok,"{""building"": ""dormitory"", ""name"": ""学苑公寓4号楼"", ""name:zh"": ""学苑公寓4号楼"", ""name:zh-Hans"": ""学苑公寓4号楼"", ""name:zh-Hant"": ""學苑公寓4號樓""}","{""type"": ""Polygon"", ""coordinates"": [[[116.3415194, 39.9524291], [116.3416858, 39.9524522], [116.3417181, 39.9523155], [116.3421837, 39.9523801], [116.3422141, 39.9522516], [116.341582, 39.9521639], [116.3415194, 39.9524291]]]}"
478581132,way,学苑公寓3号楼,dormitory,,,,,missing,缺少高度和楼层数信息,missing_height_and_levels,39.95279145,116.3416593,ok,"{""building"": ""dormitory"", ""name"": ""学苑公寓3号楼"", ""name:zh"": ""学苑公寓3号楼"", ""name:zh-Hans"": ""学苑公寓3号楼"", ""name:zh-Hant"": ""學苑公寓3號樓""}","{""type"": ""Polygon"", ""coordinates"": [[[116.3414231, 39.9528437], [116.3418561, 39.9529044], [116.3418955, 39.9527392], [116.3414625, 39.9526785], [116.3414231, 39.9528437]]]}"
478581133,way,学苑公寓6号楼,dormitory,,,,,missing,缺少高度和楼层数信息,missing_height_and_levels,39.9532549,116.34214304999999,ok,"{""building"": ""dormitory"", ""name"": ""学苑公寓6号楼"", ""name:zh"": ""学苑公寓6号楼"", ""name:zh-Hans"": ""学苑公寓6号楼"", ""name:zh-Hant"": ""學苑公寓6號樓""}","{""type"": ""Polygon"", ""coordinates"": [[[116.3418543, 39.9533264], [116.3418929, 39.9531232], [116.3424318, 39.9531834], [116.3423932, 39.9533866], [116.3418543, 39.9533264]]]}"
478581134,way,学苑公寓1号楼,dormitory,,,,,missing,缺少高度和楼层数信息,missing_height_and_levels,39.95393275162886,116.34144361999694,ok,"{""building"": ""dormitory"", ""name"": ""学苑公寓1号楼"", ""name:zh"": ""学苑公寓1号楼"", ""name:zh-Hans"": ""学苑公寓1号楼"", ""name:zh-Hant"": ""學苑公寓1號樓""}","{""type"": ""Polygon"", ""coordinates"": [[[116.3411075, 39.9539738], [116.3417306, 39.9540731], [116.3417797, 39.9538917], [116.3411567, 39.9537924], [116.3411075, 39.9539738]]]}"
478581135,way,学苑公寓2号楼,dormitory,,,,,missing,缺少高度和楼层数信息,missing_height_and_levels,39.95354192800937,116.34144287006124,ok,"{""building"": ""dormitory"", ""name"": ""学苑公寓2号楼"", ""name:zh"": ""学苑公寓2号楼"", ""name:zh-Hans"": ""学苑公寓2号楼"", ""name:zh-Hant"": ""學苑公寓2號樓""}","{""type"": ""Polygon"", ""coordinates"": [[[116.3412243, 39.9535999], [116.3412567, 39.9534367], [116.3416614, 39.9534839], [116.341629, 39.9536472], [116.3412243, 39.9535999]]]}"
478581136,way,学苑公寓5号楼,dormitory,,,,,missing,缺少高度和楼层数信息,missing_height_and_levels,39.9537592,116.34215845,ok,"{""building"": ""dormitory"", ""name"": ""学苑公寓5号楼"", ""name:zh"": ""学苑公寓5号楼"", ""name:zh-Hans"": ""学苑公寓5号楼"", ""name:zh-Hant"": ""學苑公寓5號樓""}","{""type"": ""Polygon"", ""coordinates"": [[[116.3418738, 39.953813], [116.3419205, 39.9536279], [116.3424431, 39.9537054], [116.3423964, 39.9538905], [116.3418738, 39.953813]]]}"
478581983,way,学苑公寓8号楼,dormitory,,,,,missing,缺少高度和楼层数信息,missing_height_and_levels,39.95237147089836,116.34305682581339,ok,"{""building"": ""dormitory"", ""name"": ""学苑公寓8号楼"", ""name:zh"": ""學苑公寓4號樓"", ""name:zh-Hans"": ""學苑公寓4號樓"", ""name:zh-Hant"": ""學苑公寓8號樓""}","{""type"": ""Polygon"", ""coordinates"": [[[116.3426676, 39.952423], [116.3430404, 39.9524785], [116.3430542, 39.9524188], [116.3434194, 39.9524679], [116.3434471, 39.9523191], [116.3430897, 39.9522659], [116.3430774, 39.9523261], [116.3426984, 39.9522718], [116.3426676, 39.952423]]]}"
479408009,way,未命名建筑_479408009,yes,,,,,missing,缺少高度和楼层数信息,missing_height_and_levels,39.9480749,116.3327234,ok,"{""building"": ""yes""}","{""type"": ""Polygon"", ""coordinates"": [[[116.3326864, 39.9481338], [116.3328087, 39.9480756], [116.3327604, 39.948016], [116.3326381, 39.9480742], [116.3326864, 39.9481338]]]}"
950001394,way,科教大楼,yes,,,,,missing,缺少高度和楼层数信息,missing_height_and_levels,39.94455638753676,116.34027931311907,ok,"{""building"": ""yes"", ""name"": ""科教大楼""}","{""type"": ""Polygon"", ""coordinates"": [[[116.3399, 39.9446991], [116.3402259, 39.9445952], [116.3402501, 39.9446847], [116.3403843, 39.9446634], [116.3404553, 39.9446672], [116.3405035, 39.9446795], [116.3405371, 39.9443618], [116.3399072, 39.9445909], [116.3399, 39.9446991]]]}"
950001395,way,未命名建筑_950001395,yes,,,,,missing,缺少高度和楼层数信息,missing_height_and_levels,39.94460277916254,116.3413068690439,ok,"{""building"": ""yes""}","{""type"": ""Polygon"", ""coordinates"": [[[116.340993, 39.9446394], [116.3416099, 39.9446751], [116.3416206, 39.9445661], [116.3410038, 39.9445305], [116.340993, 39.9446394]]]}"
