epoch,learning_rate,train_loss,train_rmse_db,train_mae_db,train_sparse_calibrated_iso_rmse_db,train_sparse_calibrated_iso_mae_db,train_rmse_improvement_vs_sparse_calibrated_iso_db,train_mae_improvement_vs_sparse_calibrated_iso_db,train_mean_sparse_points,train_valid_pixels,val_loss,val_rmse_db,val_mae_db,val_sparse_calibrated_iso_rmse_db,val_sparse_calibrated_iso_mae_db,val_rmse_improvement_vs_sparse_calibrated_iso_db,val_mae_improvement_vs_sparse_calibrated_iso_db,val_mean_sparse_points,val_valid_pixels,best_val_rmse_db,improved,patience_used
1,0.001,0.14080155763375776,7.333630490855401,4.761919964731689,13.11112661777271,9.567123560383441,5.777496126917309,4.8052035956517525,100.57533617880581,859323264.0,0.10902083248653438,6.442665695247284,4.086688253481479,13.12325881268451,9.576937950037607,6.680593117437226,5.490249696556128,100.0,112161599.0,6.442665695247284,True,0
2,0.001,0.11714256149491024,6.690026622565842,4.228475785074289,13.108856209968437,9.565637217520973,6.418829587402595,5.337161432446684,100.60159943090551,859323264.0,0.1031520003976112,6.266089623058774,3.8301262170397554,13.12325881268451,9.576937950037607,6.857169189625735,5.746811732997852,100.0,112161599.0,6.266089623058774,True,0
3,0.001,0.11425472368731023,6.606584055980267,4.129443579802816,13.111143528486826,9.567678381275618,6.504559472506559,5.438234801472802,100.6526573041443,859323264.0,0.09912583924662531,6.142018490282574,3.53140923927092,13.12325881268451,9.576937950037607,6.981240322401936,6.045528710766687,100.0,112161599.0,6.142018490282574,True,0
4,0.001,0.11212531987047056,6.5445726678021305,4.051171733726041,13.116910096062831,9.56872133395425,6.572337428260701,5.517549600228208,100.7711000963789,859323264.0,0.10303112192686355,6.2622806839718095,3.816902107690173,13.12325881268451,9.576937950037607,6.8609781287127,5.760035842347434,100.0,112161599.0,6.142018490282574,False,1
5,0.001,0.11061421878603062,6.500701480185027,3.9896234038183795,13.11564828790658,9.569958311986303,6.614946807721553,5.580334908167924,100.52504704208546,859323264.0,0.10347569216921758,6.275797057933948,3.7647093770480216,13.12325881268451,9.576937950037607,6.847461754750562,5.812228572989586,100.0,112161599.0,6.142018490282574,False,2
6,0.001,0.10883825478552897,6.4479844305673,3.931047735779675,13.109060869903633,9.567928639250711,6.661076439336333,5.636880903471036,100.69494928633715,859323264.0,0.10030850786925032,6.178330719035575,3.5787827068603044,13.12325881268451,9.576937950037607,6.944928093648935,5.998155243177303,100.0,112161599.0,6.142018490282574,False,3
7,0.001,0.10747569818022318,6.407555984094219,3.8777715365971983,13.108335121154399,9.566069559476048,6.70077913706018,5.6882980228788504,100.64856120060581,859323264.0,0.10380427522605724,6.2849774465117205,3.7087877832857927,13.12325881268451,9.576937950037607,6.838281366172789,5.868150166751814,100.0,112161599.0,6.142018490282574,False,4
8,0.001,0.10642261105136899,6.376224083563133,3.8241674056726107,13.11998913181653,9.570591800596242,6.743765048253397,5.746424394923631,100.77403735830006,859323264.0,0.09703587847395559,6.076547310654635,3.42797286618569,13.12325881268451,9.576937950037607,7.046711502029875,6.148965083851917,100.0,112161599.0,6.076547310654635,True,0
9,0.001,0.1038714836402174,6.299530089813886,3.7231364482179314,13.111192789977114,9.565806392505626,6.811662700163228,5.842669944287695,100.82483133691312,859323264.0,0.09839985749862168,6.119446171414574,3.589247161811593,13.12325881268451,9.576937950037607,7.003812641269936,5.987690788226014,100.0,112161599.0,6.076547310654635,False,1
10,0.001,0.10333664288057805,6.282818736502981,3.6881165576997574,13.119296947500617,9.570406186512832,6.836478210997636,5.882289628813075,100.65860067006288,859323264.0,0.0976400775939561,6.095514011432197,3.4649763117678094,13.12325881268451,9.576937950037607,7.027744801252313,6.111961638269797,100.0,112161599.0,6.076547310654635,False,2
11,0.001,0.10230594663914955,6.251408643056693,3.6593238859992043,13.115486339276236,9.56737116976272,6.864077696219543,5.9080472837635165,100.42943687181605,859323264.0,0.0961929727973563,6.050174777468658,3.4359909022873327,13.12325881268451,9.576937950037607,7.073084035215852,6.140947047750274,100.0,112161599.0,6.050174777468658,True,0
12,0.001,0.10193677700607437,6.240084619501755,3.6337982402161524,13.105954334619934,9.566366031724238,6.865869715118179,5.932567791508085,100.69639496993896,859323264.0,0.09555336546278402,6.030014515671573,3.427821085182639,13.12325881268451,9.576937950037607,7.093244297012936,6.1491168648549674,100.0,112161599.0,6.030014515671573,True,0
13,0.001,0.1014678582614739,6.22572449874546,3.614226803360464,13.109457219288885,9.565540509444418,6.883732720543425,5.951313706083954,100.73761989994952,859323264.0,0.09504701820819565,6.013915982653901,3.365971063099769,13.12325881268451,9.576937950037607,7.1093428300306085,6.210966886937838,100.0,112161599.0,6.013915982653901,True,0
14,0.001,0.10135524478165239,6.222290476464283,3.606515905113445,13.11700825261401,9.569749726338143,6.894717776149727,5.963233821224698,100.3218137592363,859323264.0,0.09535024363254563,6.02337621555294,3.3297617462639777,13.12325881268451,9.576937950037607,7.09988259713157,6.247176203773629,100.0,112161599.0,6.013915982653901,False,1
15,0.001,0.10083863855764905,6.206413906348158,3.5928949255410827,13.115693835077302,9.571717904753479,6.909279928729144,5.978822979212396,100.57752765156731,859323264.0,0.09505037651554252,6.013937599134173,3.378856485899421,13.12325881268451,9.576937950037607,7.109321213550337,6.198081464138186,100.0,112161599.0,6.013915982653901,False,2
16,0.001,0.10022000600303498,6.187527705507461,3.563086727103899,13.114703804687707,9.57071828617455,6.9271760991802465,6.007631559070651,100.63337004910734,859323264.0,0.09503888939454984,6.013692479318692,3.384778065842303,13.12325881268451,9.576937950037607,7.109566333365818,6.192159884195304,100.0,112161599.0,6.013692479318692,True,0
17,0.001,0.09974524339937253,6.172547814022625,3.544695758260072,13.11457554625317,9.569821173839419,6.942027732230544,6.025125415579346,100.52481756849787,859323264.0,0.0947972960937559,6.0059124537168636,3.373422542772415,13.12325881268451,9.576937950037607,7.117346358967646,6.203515407265192,100.0,112161599.0,6.0059124537168636,True,0
18,0.001,0.09937460940446097,6.161236224061835,3.5279338934550246,13.109728050859577,9.565436694612751,6.948491826797742,6.037502801157727,100.53641745835054,859323264.0,0.0943822128635444,5.992577258417707,3.2908077589906686,13.12325881268451,9.576937950037607,7.130681554266803,6.286130191046938,100.0,112161599.0,5.992577258417707,True,0
19,0.001,0.09903762759791247,6.151177949524626,3.516039380001005,13.123902565842409,9.574092902714664,6.972724616317783,6.058053522713659,100.63898067832392,859323264.0,0.09466444721884942,6.0016139308996035,3.3566611398790775,13.12325881268451,9.576937950037607,7.121644881784906,6.220276810158529,100.0,112161599.0,5.992577258417707,False,1
20,0.001,0.09862002594158513,6.137930159829724,3.507841078738676,13.118463859874034,9.569867886178862,6.98053370004431,6.062026807440186,100.6196819496076,859323264.0,0.09364971847095516,5.96922854149556,3.2644007681942906,13.12325881268451,9.576937950037607,7.15403027118895,6.312537181843316,100.0,112161599.0,5.96922854149556,True,0
21,0.001,0.09863256640655704,6.1382725174406305,3.4985250943351627,13.112760877209734,9.56795703310553,6.974488359769103,6.069431938770368,100.50205378860893,859323264.0,0.09457418494177668,5.998965323182724,3.4193800634029836,13.12325881268451,9.576937950037607,7.1242934895017855,6.157557886634623,100.0,112161599.0,5.96922854149556,False,1
22,0.001,0.09868473588610711,6.139909774042088,3.502522968614754,13.122234616048292,9.571598921590466,6.9823248420062045,6.069075952975712,100.75232915691404,859323264.0,0.09364530841788549,5.968994480542259,3.2778473328023794,13.12325881268451,9.576937950037607,7.154264332142251,6.299090617235228,100.0,112161599.0,5.968994480542259,True,0
23,0.001,0.09842936453927806,6.1319230942436,3.4920680167341542,13.125012367910346,9.573326045202938,6.993089273666746,6.081258028468784,100.6236059479554,859323264.0,0.09407268665479811,5.98288824898627,3.3212623622635764,13.12325881268451,9.576937950037607,7.14037056369824,6.25567558777403,100.0,112161599.0,5.968994480542259,False,1
24,0.001,0.09754619492483209,6.104202749418346,3.461847403359721,13.112916850397133,9.566742364489274,7.0087141009787866,6.104894961129553,100.62911331405755,859323264.0,0.09301577627742558,5.948967952875463,3.2497036976086617,13.12325881268451,9.576937950037607,7.174290859809047,6.327234252428945,100.0,112161599.0,5.948967952875463,True,0
25,0.001,0.09752788592715271,6.103288747496042,3.458411818785579,13.11387341079248,9.565660452083373,7.010584663296439,6.107248633297794,100.74404516040204,859323264.0,0.09373139824425236,5.971921912082983,3.331233760763343,13.12325881268451,9.576937950037607,7.151336900601526,6.245704189274264,100.0,112161599.0,5.948967952875463,False,1
26,0.001,0.09776289054300641,6.111078240562082,3.465974130778333,13.112501763719102,9.568866933992375,7.00142352315702,6.102892803214042,100.51266694203497,859323264.0,0.09305811003687676,5.950347627813826,3.258335574036351,13.12325881268451,9.576937950037607,7.172911184870684,6.318602376001255,100.0,112161599.0,5.948967952875463,False,2
27,0.001,0.09775733279280376,6.111003526387087,3.4598547840548166,13.122965199078207,9.574515533539657,7.01196167269112,6.11466074948484,100.44854054798293,859323264.0,0.09347168617787656,5.963508321474407,3.2819357508000575,13.12325881268451,9.576937950037607,7.159750491210103,6.295002199237549,100.0,112161599.0,5.948967952875463,False,3
28,0.001,0.09713017827285544,6.091109090698026,3.4449076690829585,13.112022567658276,9.569242063484971,7.020913476960249,6.1243343944020125,100.5513906099408,859323264.0,0.09307410398477249,5.95081065709593,3.2610871881382506,13.12325881268451,9.576937950037607,7.1724481555885795,6.315850761899356,100.0,112161599.0,5.948967952875463,False,4
29,0.001,0.09730851817629936,6.097019471878227,3.444522299701175,13.114747095295353,9.56668502285538,7.017727623417127,6.122162723154204,100.4687112763321,859323264.0,0.09255458322468768,5.9341238716608915,3.237303830364437,13.12325881268451,9.576937950037607,7.189134941023618,6.339634119673169,100.0,112161599.0,5.9341238716608915,True,0
30,0.001,0.0969899591063963,6.08706955984308,3.4358933960794062,13.113517819858364,9.567355114105231,7.026448260015284,6.131461718025825,100.21148285832301,859323264.0,0.09286774391454927,5.944191495446139,3.2153063985607053,13.12325881268451,9.576937950037607,7.1790673172383705,6.3616315514769015,100.0,112161599.0,5.9341238716608915,False,1
31,0.001,0.09678323802137515,6.080364254048832,3.4295636489075663,13.11084538626094,9.564436853184043,7.030481132212109,6.134873204276477,100.61540226719904,859323264.0,0.09282823658307617,5.942787735224335,3.282672357631064,13.12325881268451,9.576937950037607,7.180471077460175,6.294265592406543,100.0,112161599.0,5.9341238716608915,False,2
32,0.001,0.09653979745008347,6.072550737427622,3.4229193389439065,13.11512369615074,9.562495678576205,7.042572958723118,6.139576339632299,100.55976639588783,859323264.0,0.09266579500661137,5.937783475191937,3.2391471411708386,13.12325881268451,9.576937950037607,7.185475337492573,6.337790808866768,100.0,112161599.0,5.9341238716608915,False,3
33,0.001,0.0969283023736988,6.08481169926494,3.427405645682601,13.118661038536484,9.570583639523113,7.033849339271543,6.143177993840512,100.27144430676029,859323264.0,0.09256892414826355,5.934597418093755,3.238861782810354,13.12325881268451,9.576937950037607,7.1886613945907545,6.338076167227253,100.0,112161599.0,5.9341238716608915,False,4
34,0.001,0.09679131702179426,6.080707246772676,3.4231461569624164,13.111962338183718,9.567534154992922,7.031255091411041,6.144387998030505,100.60381385102575,859323264.0,0.09328172111025687,5.957427747239,3.3078020847402505,13.12325881268451,9.576937950037607,7.16583106544551,6.269135865297356,100.0,112161599.0,5.9341238716608915,False,5
35,0.001,0.09642375682900481,6.069097614927417,3.4125007249600077,13.115852655180323,9.568393608042712,7.046755040252906,6.1558928830827035,100.2645600991326,859323264.0,0.09287270970558853,5.944340898102154,3.264476550035632,13.12325881268451,9.576937950037607,7.178917914582356,6.312461400001975,100.0,112161599.0,5.9341238716608915,False,6
36,0.001,0.09643284919591028,6.068977230633563,3.415752524797234,13.119187363664913,9.573231218839666,7.05021013303135,6.157478694042432,100.18348708063702,859323264.0,0.09267098496385505,5.937827554433689,3.238179721720087,13.12325881268451,9.576937950037607,7.185431258250821,6.33875822831752,100.0,112161599.0,5.9341238716608915,False,7
37,0.001,0.09665342117830696,6.076316918067754,3.417363961008741,13.11580317482719,9.571827157003398,7.039486256759437,6.154463195994657,100.59164027720409,859323264.0,0.09241323005617334,5.929536580350223,3.2492030226851525,13.12325881268451,9.576937950037607,7.193722232334287,6.327734927352454,100.0,112161599.0,5.929536580350223,True,0
38,0.001,0.09628423843286636,6.064781648604723,3.403974135134086,13.113689409004367,9.567459761568843,7.048907760399644,6.163485626434757,100.57309881132682,859323264.0,0.09206683161469657,5.918383564732967,3.226319625890854,13.12325881268451,9.576937950037607,7.204875247951543,6.350618324146753,100.0,112161599.0,5.918383564732967,True,0
39,0.001,0.09644444550492864,6.069787981280646,3.4115261211233774,13.112178927348266,9.566665483060866,7.04239094606762,6.155139361937489,100.51328652072146,859323264.0,0.0922245148443774,5.923536402618613,3.2208172101308934,13.12325881268451,9.576937950037607,7.199722410065897,6.3561207399067134,100.0,112161599.0,5.918383564732967,False,1
40,0.001,0.09579006006473487,6.049064788571431,3.3920050865747307,13.11331494327537,9.569268184621148,7.064250154703939,6.177263098046417,100.38256689155078,859323264.0,0.09250843725847395,5.932695402867044,3.2746286309185018,13.12325881268451,9.576937950037607,7.190563409817465,6.3023093191191055,100.0,112161599.0,5.918383564732967,False,2
41,0.001,0.09587805994981886,6.051638126204899,3.3961596302133863,13.104313101743259,9.566249935716858,7.05267497553836,6.1700903055034715,100.5965624856579,859323264.0,0.0919942891622862,5.916092066131712,3.22217825360621,13.12325881268451,9.576937950037607,7.207166746552798,6.3547596964313975,100.0,112161599.0,5.916092066131712,True,0
42,0.001,0.09603366368448857,6.056868283614039,3.397016541728352,13.115495870752989,9.568681725460653,7.05862758713895,6.171665183732301,100.43407223828537,859323264.0,0.09214350219104397,5.9208763083725575,3.2264673218282134,13.12325881268451,9.576937950037607,7.202382504311952,6.3504706282093935,100.0,112161599.0,5.916092066131712,False,1
43,0.001,0.09578774698220861,6.049088418303547,3.3895062565768033,13.116710295860033,9.56902660498669,7.067621877556486,6.179520348409886,100.364977741062,859323264.0,0.09211160014435817,5.919908117655749,3.209589466422461,13.12325881268451,9.576937950037607,7.203350695028761,6.367348483615146,100.0,112161599.0,5.916092066131712,False,2
44,0.001,0.09556334746916739,6.041672029922337,3.384031947667601,13.1074407449317,9.564130969460173,7.065768715009364,6.1800990217925715,100.73381063839552,859323264.0,0.09223139129076781,5.923740285869428,3.2237968061154336,13.12325881268451,9.576937950037607,7.199518526815082,6.353141143922173,100.0,112161599.0,5.916092066131712,False,3
45,0.001,0.09584063540449402,6.050570283657394,3.385863895772523,13.114113836524917,9.569443508048678,7.063543552867523,6.183579612276155,100.61471384643627,859323264.0,0.0923205746567986,5.9266900928913575,3.271182265331292,13.12325881268451,9.576937950037607,7.196568719793152,6.305755684706314,100.0,112161599.0,5.916092066131712,False,4
46,0.001,0.09539975007112506,6.036724460071974,3.3773054273729053,13.113599154263827,9.567429644264815,7.076874694191853,6.19012421689191,100.42785350406169,859323264.0,0.09202696357885104,5.9170425557739925,3.190861489724304,13.12325881268451,9.576937950037607,7.206216256910517,6.386076460313303,100.0,112161599.0,5.916092066131712,False,5
47,0.001,0.09511712205523787,6.027652426880925,3.3722949551148194,13.106953633115824,9.56346513330285,7.079301206234899,6.191170178188031,100.56243976318326,859323264.0,0.0918495591646165,5.9114016484804335,3.2026891853155552,13.12325881268451,9.576937950037607,7.211857164204076,6.374248764722052,100.0,112161599.0,5.9114016484804335,True,0
48,0.001,0.09531704318899765,6.03414038473461,3.3727593459811183,13.104717862059545,9.564855927722213,7.070577477324934,6.192096581741096,100.25702189178025,859323264.0,0.09225501758412699,5.924418422137089,3.2593585205128894,13.12325881268451,9.576937950037607,7.198840390547421,6.317579429524717,100.0,112161599.0,5.9114016484804335,False,1
49,0.001,0.09508611527702357,6.026680776448799,3.367968900641796,13.117671384676882,9.56745906683611,7.090990608228083,6.199490166194313,100.58948322548075,859323264.0,0.09180000560420952,5.909790379076458,3.2001897269224915,13.12325881268451,9.576937950037607,7.2134684336080515,6.376748223115115,100.0,112161599.0,5.909790379076458,True,0
50,0.001,0.09529565681707491,6.033202575108617,3.370575062046732,13.116152975482997,9.57005642174724,7.08295040037438,6.199481359700509,100.3224907063197,859323264.0,0.09173515223468957,5.907643872945548,3.2070496605527175,13.12325881268451,9.576937950037607,7.215614939738962,6.369888289484889,100.0,112161599.0,5.907643872945548,True,0
51,0.001,0.09533359422710849,6.034668312970355,3.3719335663767156,13.117039892382364,9.570333742297008,7.082371579412008,6.198400175920292,100.64647299095874,859323264.0,0.09213409941183047,5.920563856104028,3.2622373166238474,13.12325881268451,9.576937950037607,7.202694956580482,6.314700633413759,100.0,112161599.0,5.907643872945548,False,1
52,0.001,0.09506551983729333,6.026166307989965,3.3599202869363958,13.11364572977301,9.571230719642195,7.087479421783045,6.211310432705799,100.66917940245078,859323264.0,0.09197526031665587,5.9153434591231555,3.233779672443864,13.12325881268451,9.576937950037607,7.207915353561354,6.3431582775937425,100.0,112161599.0,5.907643872945548,False,2
53,0.001,0.09503905699422881,6.0256410226751935,3.363091986533254,13.110335488871753,9.567765875124731,7.084694466196559,6.204673888591477,100.39477488641057,859323264.0,0.09201441872655676,5.916750025186416,3.276077255059461,13.12325881268451,9.576937950037607,7.206508787498094,6.300860694978146,100.0,112161599.0,5.907643872945548,False,3
54,0.001,0.09520312448452048,6.030685264688069,3.3656577558337815,13.113618991639392,9.568638853352398,7.082933726951323,6.202981097518617,100.59368259213365,859323264.0,0.09187303678122129,5.912066103690309,3.2027680687086137,13.12325881268451,9.576937950037607,7.211192708994201,6.374169881328993,100.0,112161599.0,5.907643872945548,False,4
55,0.001,0.09484950174056486,6.019332234534667,3.354673729047326,13.1124055351305,9.566322169883673,7.093073300595834,6.211648440836347,100.53936619395108,859323264.0,0.0913247624307536,5.894381302217638,3.1907486386004535,13.12325881268451,9.576937950037607,7.228877510466872,6.386189311437153,100.0,112161599.0,5.894381302217638,True,0
56,0.001,0.09511423173323602,6.027502387037153,3.3626824475509602,13.11739268061939,9.569287568479002,7.089890293582238,6.2066051209280415,100.48266327045756,859323264.0,0.09154041716305727,5.901424459721233,3.2271169498038272,13.12325881268451,9.576937950037607,7.221834352963277,6.34982100023378,100.0,112161599.0,5.894381302217638,False,1
57,0.001,0.0944944716683656,6.008098723250374,3.346043210782898,13.111976543387271,9.565085382699472,7.103877820136898,6.219042171916573,100.84731974849694,859323264.0,0.0913964823265089,5.896828887569285,3.226211900741536,13.12325881268451,9.576937950037607,7.226429925115225,6.350726049296071,100.0,112161599.0,5.894381302217638,False,2
58,0.001,0.09504850931389042,6.0258117518174155,3.357673137690125,13.111664208896276,9.565742754638142,7.08585245707886,6.208069616948017,100.8694639496994,859323264.0,0.09164369233957168,5.904811155675808,3.211264992531,13.12325881268451,9.576937950037607,7.218447657008702,6.365672957506607,100.0,112161599.0,5.894381302217638,False,3
59,0.001,0.09487747327696734,6.020079623411313,3.355234800061226,13.118494706991454,9.568450875781247,7.098415083580141,6.213216075720021,100.3787461563174,859323264.0,0.09159818454907181,5.903235676841049,3.18245915765698,13.12325881268451,9.576937950037607,7.22002313584346,6.394478792380626,100.0,112161599.0,5.894381302217638,False,4
60,0.001,0.09479771228438783,6.017420567380807,3.3508493446303347,13.113653046215912,9.567950902118252,7.096232478835105,6.217101557487917,100.25799715452752,859323264.0,0.09172512735292483,5.907276329763262,3.2203344362761803,13.12325881268451,9.576937950037607,7.215982482921248,6.356603513761426,100.0,112161599.0,5.894381302217638,False,5
61,0.001,0.09509270401909488,6.026807765242243,3.357533032091867,13.120115618394205,9.571915300200693,7.093307853151963,6.214382268108826,100.27462251594841,859323264.0,0.09123076186672355,5.8914829914374875,3.1925293076465504,13.12325881268451,9.576937950037607,7.231775821247022,6.384408642391056,100.0,112161599.0,5.8914829914374875,True,0
62,0.001,0.09474136127314904,6.015993927731607,3.3462039888984085,13.114710325493474,9.570116265931793,7.0987163977618675,6.223912277033384,100.50276515673046,859323264.0,0.09130803524945559,5.893883846732851,3.212023507484054,13.12325881268451,9.576937950037607,7.229374965951659,6.364914442553553,100.0,112161599.0,5.8914829914374875,False,1
63,0.001,0.09462977644936804,6.012571403938128,3.342911842341324,13.113796605202378,9.569443271816274,7.10122520126425,6.226531429474949,100.62669236770847,859323264.0,0.09135861590169789,5.895521808277941,3.1941045170014024,13.12325881268451,9.576937950037607,7.227737004406569,6.382833433036204,100.0,112161599.0,5.8914829914374875,False,2
64,0.001,0.09415430038970472,5.997202156246011,3.337141421351069,13.11139419765634,9.56689190134622,7.114192041410329,6.229750479995152,100.88425352241957,859323264.0,0.09127234177810423,5.89272242037066,3.2188683044720143,13.12325881268451,9.576937950037607,7.23053639231385,6.3580696455655925,100.0,112161599.0,5.8914829914374875,False,3
65,0.001,0.09424739923443037,5.999701117447771,3.334909629974826,13.114969916378724,9.567034255807137,7.115268798930954,6.232124625832311,100.6606544586718,859323264.0,0.09110836676332389,5.887449058276418,3.193518247943309,13.12325881268451,9.576937950037607,7.235809754408092,6.383419702094297,100.0,112161599.0,5.887449058276418,True,0
66,0.001,0.09439963710093638,6.005178148221793,3.3421148217046293,13.112007614864488,9.567155043878808,7.106829466642695,6.2250402221741785,100.50883473312221,859323264.0,0.09136203025582801,5.8957206885085895,3.1957202337584363,13.12325881268451,9.576937950037607,7.22753812417592,6.381217716279171,100.0,112161599.0,5.887449058276418,False,1
67,0.001,0.09439238834792472,6.00500927021563,3.3360990829639636,13.11367607104787,9.565088816797122,7.10866680083224,6.228989733833158,100.62311257974207,859323264.0,0.09119168396913603,5.89007649470781,3.1927175243596517,13.12325881268451,9.576937950037607,7.233182317976699,6.384220425677955,100.0,112161599.0,5.887449058276418,False,2
68,0.001,0.09451776258264519,6.008790661110052,3.341680271907546,13.12291350023046,9.569997306624764,7.114122839120408,6.228317034717218,100.42741750424526,859323264.0,0.09132692837313319,5.89452667196148,3.1902364741162437,13.12325881268451,9.576937950037607,7.22873214072303,6.386701475921363,100.0,112161599.0,5.887449058276418,False,3
69,0.001,0.0941797495216525,5.997810086919634,3.330878348447692,13.117187772040111,9.571470326794271,7.119377685120478,6.240591978346579,100.60480058745239,859323264.0,0.09100255116904049,5.883990196601688,3.1951301699523738,13.12325881268451,9.576937950037607,7.239268616082822,6.381807780085233,100.0,112161599.0,5.883990196601688,True,0
70,0.001,0.0944177460160637,6.0055072603036095,3.335682113716172,13.115999126507505,9.568169648669025,7.110491866203896,6.2324875349528535,100.4120542475561,859323264.0,0.09088259596335754,5.880042107260325,3.1937793544651587,13.12325881268451,9.576937950037607,7.243216705424185,6.383158595572448,100.0,112161599.0,5.880042107260325,True,0
71,0.001,0.09431106425416977,6.002226747690978,3.3341912902930555,13.115260234404223,9.56800564228644,7.113033486713245,6.233814351993384,100.80421313506815,859323264.0,0.09117602054657561,5.889607131411677,3.217184263862893,13.12325881268451,9.576937950037607,7.233651681272833,6.359753686174714,100.0,112161599.0,5.880042107260325,False,1
72,0.001,0.0943943606074161,6.004728153100236,3.334071943617251,13.113836722310332,9.570099296182908,7.109108569210096,6.2360273525656575,100.56630639313416,859323264.0,0.09134733804574843,5.8951014605661864,3.190081373126644,13.12325881268451,9.576937950037607,7.228157352118323,6.386856576910963,100.0,112161599.0,5.880042107260325,False,2
73,0.001,0.09413752989862634,5.996599041473682,3.3298259355631736,13.114307766493564,9.567419422267614,7.117708725019882,6.237593486704441,100.53549956400019,859323264.0,0.09143428485631273,5.897925020132197,3.2092390178255217,13.12325881268451,9.576937950037607,7.225333792552313,6.367698932212085,100.0,112161599.0,5.880042107260325,False,3
74,0.001,0.09406423493235122,5.994177628142013,3.3237988636311377,13.108645688467945,9.564411862006798,7.114468060325932,6.24061299837566,100.49075221442013,859323264.0,0.09071757169335745,5.874773290443975,3.1793549434864956,13.12325881268451,9.576937950037607,7.248485522240535,6.397583006551111,100.0,112161599.0,5.874773290443975,True,0
75,0.001,0.09407553580560873,5.994499202216566,3.324850662515056,13.11332332800515,9.566361686444463,7.118824125788583,6.241511023929407,100.69135802469135,859323264.0,0.09121462388822202,5.8907616544023575,3.185352590016125,13.12325881268451,9.576937950037607,7.232497158282152,6.391585360021482,100.0,112161599.0,5.874773290443975,False,1
76,0.001,0.09391432211743928,5.989491812361794,3.3229717616198506,13.119551494970755,9.569135675698407,7.1300596826089615,6.246163914078556,100.4886410574143,859323264.0,0.09087249948486184,5.879780970904253,3.170576566940705,13.12325881268451,9.576937950037607,7.2434778417802566,6.406361383096902,100.0,112161599.0,5.874773290443975,False,2
77,0.001,0.09424341497901778,5.999775881667607,3.326084449227712,13.118847059772405,9.570097849113974,7.1190711781047975,6.244013399886262,100.70432328239019,859323264.0,0.09109892993328277,5.887125646818392,3.224050786758131,13.12325881268451,9.576937950037607,7.236133165866118,6.352887163279476,100.0,112161599.0,5.874773290443975,False,3
78,0.001,0.09414774727585032,5.996872334942757,3.328610423696152,13.10586801553843,9.56511495597075,7.108995680595673,6.236504532274598,100.41784845564275,859323264.0,0.09069576815524127,5.873985655879883,3.163364253348421,13.12325881268451,9.576937950037607,7.249273156804627,6.413573696689186,100.0,112161599.0,5.873985655879883,True,0
79,0.001,0.09408946452927659,5.995122182179346,3.322624211242115,13.116000831431462,9.571875070869721,7.120878649252116,6.249250859627606,100.43932718344118,859323264.0,0.09072730903712552,5.875070260298259,3.159143816570411,13.12325881268451,9.576937950037607,7.24818855238625,6.417794133467195,100.0,112161599.0,5.873985655879883,False,1
80,0.001,0.09374728224482305,5.984678214545425,3.3185277109523246,13.116745469498747,9.569247537559974,7.132067254953323,6.25071982660765,100.67278213777594,859323264.0,0.09107821472407726,5.886451033515955,3.1923175607098826,13.12325881268451,9.576937950037607,7.236807779168555,6.384620389327724,100.0,112161599.0,5.873985655879883,False,2
81,0.001,0.0940535303954686,5.993932412560592,3.321259961257141,13.111804357418992,9.564447644233685,7.1178719448584,6.243187682976544,100.26374546789664,859323264.0,0.0907103070424179,5.8744672418507395,3.175282803341632,13.12325881268451,9.576937950037607,7.24879157083377,6.401655146695974,100.0,112161599.0,5.873985655879883,False,3
82,0.001,0.09381020304346224,5.986542885932156,3.315977543463783,13.116117865200906,9.57469638340898,7.1295749792687495,6.258718839945198,100.62392721097801,859323264.0,0.09064333818936615,5.872279929706591,3.1821848363850447,13.12325881268451,9.576937950037607,7.250978882977919,6.394753113652563,100.0,112161599.0,5.872279929706591,True,0
83,0.001,0.09395801013940057,5.990975768530561,3.321812852724071,13.119033955117715,9.571724338304426,7.128058186587154,6.2499114855803555,100.34585111753637,859323264.0,0.09059357963334978,5.870680375932155,3.167912450476923,13.12325881268451,9.576937950037607,7.252578436752355,6.409025499560684,100.0,112161599.0,5.870680375932155,True,0
84,0.001,0.09370496550167359,5.982773262146999,3.314687135451508,13.115408347430646,9.567625536203336,7.132635085283647,6.252938400751828,100.28984808848502,859323264.0,0.09065572251932005,5.872736075502238,3.1768265374631475,13.12325881268451,9.576937950037607,7.250522737182272,6.400111412574459,100.0,112161599.0,5.870680375932155,False,1
85,0.001,0.09387123396568187,5.9882907243787376,3.3132307357734936,13.11380251628953,9.569678956114005,7.125511791910792,6.256448220340512,100.33254164945615,859323264.0,0.09080320839466674,5.8775909740481,3.2056487131571654,13.12325881268451,9.576937950037607,7.24566783863641,6.3712892368804415,100.0,112161599.0,5.870680375932155,False,2
86,0.001,0.09353587301051389,5.977738943417487,3.3091015011493976,13.101052698452534,9.56164954356455,7.123313755035047,6.252548042415153,100.74889852677957,859323264.0,0.09110947440932976,5.887458588882739,3.2474921040043303,13.12325881268451,9.576937950037607,7.235800223801771,6.329445846033277,100.0,112161599.0,5.870680375932155,False,3
87,0.001,0.09372557274636192,5.983268829344239,3.3105544873855526,13.112086089506434,9.567160928742178,7.128817260162195,6.256606441356626,100.47400064252605,859323264.0,0.09070180214188073,5.874208418146872,3.1865314504833333,13.12325881268451,9.576937950037607,7.249050394537638,6.390406499554274,100.0,112161599.0,5.870680375932155,False,4
88,0.001,0.09325824919185449,5.968822065539628,3.29972354108756,13.115703496653312,9.567250446276757,7.146881431113684,6.2675269051891975,100.62142594887328,859323264.0,0.09032022829554724,5.861782928051421,3.1467621730321444,13.12325881268451,9.576937950037607,7.2614758846330885,6.430175777005463,100.0,112161599.0,5.861782928051421,True,0
89,0.001,0.09369739447002369,5.982348184201009,3.310858804469653,13.1136612922951,9.567638580188607,7.1313131080940915,6.256779775718954,100.21505117261003,859323264.0,0.09058226071549265,5.8703175762108355,3.1737219833813177,13.12325881268451,9.576937950037607,7.252941236473674,6.403215966656289,100.0,112161599.0,5.861782928051421,False,1
90,0.001,0.09367341762641103,5.982111953490713,3.3096038454278367,13.11544158993662,9.569344556346143,7.1333296364459065,6.259740710918306,100.1602643535729,859323264.0,0.09046895079984424,5.866605978817597,3.165738392000813,13.12325881268451,9.576937950037607,7.256652833866913,6.4111995580367935,100.0,112161599.0,5.861782928051421,False,2
91,0.001,0.09333061884197019,5.970891961910684,3.3040958192887935,13.11786458252133,9.569677261757457,7.146972620610645,6.2655814424686636,100.32744733581164,859323264.0,0.09052565335976274,5.868604316580658,3.182192030803698,13.12325881268451,9.576937950037607,7.254654496103852,6.394745919233909,100.0,112161599.0,5.861782928051421,False,3
92,0.001,0.09382854912993491,5.987062577179341,3.31211987078823,13.120811308252211,9.572066906127658,7.13374873107287,6.259947035339428,100.56417228876957,859323264.0,0.09053656448390376,5.868838806708811,3.152208124502576,13.12325881268451,9.576937950037607,7.254420005975699,6.424729825535031,100.0,112161599.0,5.861782928051421,False,4
93,0.001,0.09350521487242675,5.976307269387757,3.3026650285706682,13.110998464582007,9.566973630775577,7.13469119519425,6.264308602204908,100.13307173344349,859323264.0,0.09047212761439634,5.86680150664415,3.1880329770887093,13.12325881268451,9.576937950037607,7.256457306040359,6.388904972948898,100.0,112161599.0,5.861782928051421,False,5
94,0.001,0.09341109874446311,5.973536404914675,3.3014042763073617,13.116907643541385,9.569016698353927,7.14337123862671,6.267612422046565,100.60085364174583,859323264.0,0.09050002579022659,5.867695754320146,3.160345786551242,13.12325881268451,9.576937950037607,7.2555630583643635,6.416592163486365,100.0,112161599.0,5.861782928051421,False,6
95,0.001,0.09341652829763472,5.973529906623954,3.3013388440045772,13.112000052194983,9.568635512933117,7.138470145571029,6.267296668928539,100.55868787002616,859323264.0,0.09041826445818617,5.8650157010780495,3.1696902977016226,13.12325881268451,9.576937950037607,7.25824311160646,6.407247652335984,100.0,112161599.0,5.861782928051421,False,7
96,0.001,0.0935287902052357,5.977462878173362,3.303325705871964,13.115404142068762,9.569801958137141,7.1379412638954,6.266476252265177,100.25900683831291,859323264.0,0.09035895503220263,5.8631417704306825,3.1490428611400234,13.12325881268451,9.576937950037607,7.260117042253827,6.427895088897584,100.0,112161599.0,5.861782928051421,False,8
97,0.001,0.09355890206587822,5.978216954042333,3.3026243896150356,13.115501713286438,9.568905100653716,7.137284759244105,6.2662807110386805,100.30874523842306,859323264.0,0.09047272552348924,5.866799978597742,3.161551644337738,13.12325881268451,9.576937950037607,7.256458834086768,6.415386305699869,100.0,112161599.0,5.861782928051421,False,9
98,0.001,0.09341169169470777,5.973390981151552,3.301219455435341,13.115618345495948,9.568343289958923,7.142227364344396,6.2671238345235825,100.76117536371564,859323264.0,0.09032455810837531,5.861935672903706,3.1549122619052534,13.12325881268451,9.576937950037607,7.261323139780804,6.422025688132353,100.0,112161599.0,5.861782928051421,False,10
99,0.001,0.09341471947499834,5.973599061422962,3.301461739694039,13.122772715165917,9.573199602099915,7.149173653742955,6.271737862405876,100.27808756712102,859323264.0,0.09040725597421105,5.8645358276528,3.1548679976468597,13.12325881268451,9.576937950037607,7.25872298503171,6.422069952390747,100.0,112161599.0,5.861782928051421,False,11
100,0.001,0.0931033285583606,5.963708798295321,3.291579459962113,13.10964241101763,9.565319119534509,7.145933612722309,6.273739659572396,100.64905456881912,859323264.0,0.09044930418388228,5.8659822631873215,3.14852301744557,13.12325881268451,9.576937950037607,7.257276549497188,6.4284149325920374,100.0,112161599.0,5.861782928051421,False,12
101,0.001,0.09347535168721988,5.975752656036466,3.2993648860413023,13.116635854055039,9.568419534258064,7.140883198018573,6.269054648216762,100.56366744687686,859323264.0,0.09023271316892645,5.859053671854991,3.1309622389120895,13.12325881268451,9.576937950037607,7.264205140829519,6.445975711125517,100.0,112161599.0,5.859053671854991,True,0
102,0.001,0.09316875956810343,5.965841121531058,3.2952934233315485,13.109701116905004,9.565686035005331,7.143859995373946,6.270392611673783,100.59871953738124,859323264.0,0.09037493694615498,5.863727872758353,3.165082215438102,13.12325881268451,9.576937950037607,7.259530939926157,6.411855734599505,100.0,112161599.0,5.859053671854991,False,1
103,0.001,0.09322477837206683,5.967582553139089,3.29612672440694,13.117595107345743,9.56950344823901,7.150012554206653,6.27337672383207,100.44582128596998,859323264.0,0.09031456162671694,5.8616152928925835,3.149582106528278,13.12325881268451,9.576937950037607,7.261643519791926,6.4273558435093285,100.0,112161599.0,5.859053671854991,False,2
104,0.001,0.09302030500467653,5.961018411059236,3.2905652085022568,13.116898186903974,9.567515088245068,7.155879775844738,6.276949879742812,100.88108678691083,859323264.0,0.09006549277750964,5.853527909032667,3.1369990320840557,13.12325881268451,9.576937950037607,7.269730903651843,6.439938917953551,100.0,112161599.0,5.853527909032667,True,0
105,0.001,0.0932273257977812,5.967576251560098,3.2930178597201345,13.106166657408112,9.562005717443256,7.138590405848014,6.268987857723122,100.5499908210565,859323264.0,0.09021146919871315,5.858294747587086,3.1646654674118904,13.12325881268451,9.576937950037607,7.264964065097423,6.412272482625717,100.0,112161599.0,5.853527909032667,False,1
106,0.001,0.0933561695250033,5.9720563420912525,3.2946633007424317,13.115970039136242,9.567176781914752,7.143913697044989,6.27251348117232,100.37273394832255,859323264.0,0.09023059257881695,5.8588977543704095,3.1320417393924633,13.12325881268451,9.576937950037607,7.2643610583141,6.444896210645144,100.0,112161599.0,5.853527909032667,False,2
107,0.001,0.09296665192416236,5.959538608227035,3.287912446910084,13.11014498749677,9.564917251559478,7.150606379269735,6.277004804649394,100.52629767313782,859323264.0,0.09005575851024536,5.853246171201556,3.1394326847551453,13.12325881268451,9.576937950037607,7.270012641482953,6.437505265282462,100.0,112161599.0,5.853246171201556,True,0
108,0.001,0.09345502049146595,5.974853454957341,3.297280076459096,13.124486016762894,9.571412178711828,7.149632561805554,6.274132102252732,100.28564872183212,859323264.0,0.09001646222274624,5.851938052233577,3.136346474184092,13.12325881268451,9.576937950037607,7.271320760450933,6.440591475853514,100.0,112161599.0,5.851938052233577,True,0
109,0.001,0.09331707988979182,5.970356740220882,3.2944627951443426,13.118455492977894,9.571598749361916,7.148098752757012,6.277135954217574,100.6690531919776,859323264.0,0.09009195700957534,5.854421698079514,3.1560264951955617,13.12325881268451,9.576937950037607,7.268837114604996,6.420911454842045,100.0,112161599.0,5.851938052233577,False,1
110,0.001,0.09304171661667186,5.961838152491833,3.287945850811971,13.11734485156302,9.568859091774804,7.1555066990711875,6.280913240962834,100.22520537886089,859323264.0,0.09060971725606516,5.871271108909435,3.181625377416383,13.12325881268451,9.576937950037607,7.251987703775074,6.395312572621224,100.0,112161599.0,5.851938052233577,False,2
111,0.001,0.09311705392275263,5.964212710491532,3.288159112814383,13.115207686033132,9.566964531173218,7.1509949755416,6.278805418358835,100.54020377254578,859323264.0,0.08993501115715906,5.849258662418871,3.133662772140044,13.12325881268451,9.576937950037607,7.274000150265639,6.443275177897563,100.0,112161599.0,5.849258662418871,True,0
112,0.001,0.0930910187386381,5.963408137829051,3.2878268676489597,13.106704609302646,9.568301523371767,7.143296471473596,6.2804746557228075,100.57475102115747,859323264.0,0.09013155885459331,5.855660853138796,3.1395511260275453,13.12325881268451,9.576937950037607,7.267597959545713,6.437386824010062,100.0,112161599.0,5.849258662418871,False,1
113,0.001,0.0930244426534302,5.961252041151098,3.285344092144816,13.113629662478072,9.568867435549842,7.152377621326974,6.283523343405026,100.72090274909358,859323264.0,0.0903207834893733,5.8618455354272285,3.1848359838379268,13.12325881268451,9.576937950037607,7.261413277257281,6.3921019661996805,100.0,112161599.0,5.849258662418871,False,2
114,0.001,0.09310639180822869,5.963849470713612,3.2898917817788766,13.118212270155334,9.571058480036681,7.1543627994417225,6.281166698257804,100.6839460278122,859323264.0,0.09008598783880137,5.8542766102199915,3.1647924471458366,13.12325881268451,9.576937950037607,7.268982202464518,6.41214550289177,100.0,112161599.0,5.849258662418871,False,3
115,0.001,0.0926345797876517,5.948668792945228,3.2759205888320975,13.110172683551566,9.561733218711044,7.161503890606338,6.285812629878947,100.75478452430126,859323264.0,0.08997120810777284,5.850485724509343,3.1562359992745823,13.12325881268451,9.576937950037607,7.272773088175167,6.420701950763025,100.0,112161599.0,5.849258662418871,False,4
116,0.001,0.09316212472761605,5.965659236900186,3.2889908545231705,13.12170072410557,9.571263822435046,7.156041487205385,6.282272967911876,99.95301528294094,859323264.0,0.08996350115186043,5.850199391614705,3.142914999031888,13.12325881268451,9.576937950037607,7.273059421069805,6.434022951005719,100.0,112161599.0,5.849258662418871,False,5
117,0.001,0.09309274481169102,5.963658798414616,3.2866928684709737,13.11542495378785,9.568305163445453,7.151766155373234,6.2816122949744795,100.13242920739823,859323264.0,0.09031431625984358,5.861699171151189,3.196658211871605,13.12325881268451,9.576937950037607,7.261559641533321,6.380279738166002,100.0,112161599.0,5.849258662418871,False,6
118,0.001,0.09284639693851338,5.955430453805841,3.2814860555200798,13.11380776644583,9.566020535433799,7.15837731263999,6.284534479913718,100.14650741199688,859323264.0,0.09018565103244246,5.8574135210487075,3.1381240583954226,13.12325881268451,9.576937950037607,7.265845291635802,6.438813891642184,100.0,112161599.0,5.849258662418871,False,7
119,0.001,0.09278128582781807,5.953239713790316,3.2807957588356413,13.1141833170152,9.564623597226387,7.160943603224885,6.283827838390746,100.48110285006196,859323264.0,0.09022152271079883,5.858640829143418,3.16560329953035,13.12325881268451,9.576937950037607,7.264617983541092,6.411334650507257,100.0,112161599.0,5.849258662418871,False,8
120,0.001,0.09279197081376453,5.95370066718004,3.277627059855789,13.112638909678962,9.565237392432564,7.158938242498922,6.287610332576776,100.81225618431318,859323264.0,0.09005143173206388,5.853020651443624,3.1674290826132037,13.12325881268451,9.576937950037607,7.2702381612408855,6.409508867424403,100.0,112161599.0,5.849258662418871,False,9
121,0.001,0.0929855901020389,5.959840234195173,3.280687853430441,13.117645149412912,9.572640559862696,7.1578049152177385,6.291952706432255,100.28899903621094,859323264.0,0.0897792980200454,5.844176892383692,3.130572627513094,13.12325881268451,9.576937950037607,7.2790819203008175,6.446365322524513,100.0,112161599.0,5.844176892383692,True,0
122,0.001,0.09296558053942504,5.958918105231565,3.2815278631278857,13.112819861286642,9.567973526316635,7.153901756055077,6.286445663188749,99.96899811831658,859323264.0,0.08984947129246894,5.846402229656943,3.1180337220406424,13.12325881268451,9.576937950037607,7.276856583027567,6.458904227996964,100.0,112161599.0,5.844176892383692,False,1
123,0.001,0.09303362542837201,5.961411201800308,3.281266032674288,13.119640187742888,9.572643662304015,7.15822898594258,6.291377629629727,100.47434485290744,859323264.0,0.08999290145682486,5.851112606657307,3.1478667160629548,13.12325881268451,9.576937950037607,7.272146206027203,6.429071233974652,100.0,112161599.0,5.844176892383692,False,2
124,0.001,0.0931292011371093,5.964716165727218,3.2849023218403173,13.115032507540624,9.571830757511064,7.150316341813406,6.286928435670747,100.19267749782,859323264.0,0.08972572083218713,5.8423607648587375,3.1553418708394125,13.12325881268451,9.576937950037607,7.280898047825772,6.421596079198194,100.0,112161599.0,5.8423607648587375,True,0
125,0.001,0.09253791138179676,5.945549999308709,3.271791135722121,13.105917256368546,9.562379651227504,7.1603672570598365,6.290588515505383,100.60882784891459,859323264.0,0.08993678301405371,5.849340215092757,3.1618823936791416,13.12325881268451,9.576937950037607,7.273918597591753,6.415055556358466,100.0,112161599.0,5.8423607648587375,False,1
126,0.001,0.09279925326943923,5.954096265897425,3.276173794330093,13.109946012674904,9.56430546607429,7.155849746777479,6.288131671744196,100.63674331084492,859323264.0,0.08999873469636012,5.851333039928412,3.159588930476999,13.12325881268451,9.576937950037607,7.271925772756098,6.417349019560608,100.0,112161599.0,5.8423607648587375,False,2
127,0.001,0.09274603900733498,5.951883379252584,3.2765418673978783,13.11930839145853,9.570470563333894,7.167425012205946,6.293928695936016,100.2977534535775,859323264.0,0.0902795609965753,5.860508927847657,3.179112129767337,13.12325881268451,9.576937950037607,7.262749884836853,6.3978258202702705,100.0,112161599.0,5.8423607648587375,False,3
128,0.001,0.09251365166228598,5.944429323608256,3.272702270283235,13.109019858277923,9.566147584827867,7.164590534669667,6.293445314544632,100.9341181330029,859323264.0,0.09004029213042741,5.852713549912772,3.1720824198931044,13.12325881268451,9.576937950037607,7.270545262771738,6.404855530144502,100.0,112161599.0,5.8423607648587375,False,4
129,0.001,0.09238727744149042,5.940590977159333,3.2699207992697845,13.107945247806459,9.563874603771929,7.167354270647126,6.293953804502144,100.74957547386296,859323264.0,0.08976103645864497,5.843576588986566,3.1359311554572256,13.12325881268451,9.576937950037607,7.279682223697944,6.441006794580382,100.0,112161599.0,5.8423607648587375,False,5
130,0.001,0.09241174364383176,5.941614797485254,3.268206929837058,13.115641120572697,9.567935743678412,7.174026323087443,6.299728813841353,100.68622929000873,859323264.0,0.08995539630145839,5.849861740298544,3.1525941267117634,13.12325881268451,9.576937950037607,7.273397072385966,6.424343823325843,100.0,112161599.0,5.8423607648587375,False,6
131,0.001,0.09263383592212253,5.948439980051756,3.27324363101963,13.120228488276748,9.57075358546327,7.171788508224992,6.29750995444364,100.63063931341503,859323264.0,0.08973708499767137,5.842764608117991,3.1352649448230494,13.12325881268451,9.576937950037607,7.280494204566518,6.441673005214557,100.0,112161599.0,5.8423607648587375,False,7
132,0.001,0.09235239803528471,5.939546703314433,3.2681090635816883,13.109872132516127,9.565219661037828,7.170325429201694,6.29711059745614,100.39321446601497,859323264.0,0.09001485095097778,5.851870522110712,3.1711871090122385,13.12325881268451,9.576937950037607,7.271388290573798,6.405750841025368,100.0,112161599.0,5.8423607648587375,False,8
133,0.001,0.0926483441499799,5.949015775816169,3.272731600630796,13.114019118365917,9.565057972758433,7.165003342549748,6.292326372127637,100.3564642709624,859323264.0,0.08987907820454474,5.847398067291062,3.159267879196337,13.12325881268451,9.576937950037607,7.275860745393448,6.41767007084127,100.0,112161599.0,5.8423607648587375,False,9
134,0.001,0.09280911782720891,5.954091660593147,3.2769855800738568,13.11956084041712,9.572753633724503,7.165469179823973,6.2957680536506455,100.11303868924686,859323264.0,0.08994462468734618,5.849647995926382,3.1819932261308077,13.12325881268451,9.576937950037607,7.2736108167581275,6.394944723906799,100.0,112161599.0,5.8423607648587375,False,10
135,0.001,0.09267561149163918,5.949496857613351,3.2741176520737136,13.121562788122153,9.574191728155052,7.172065930508802,6.300074076081338,100.44056634081417,859323264.0,0.0897884237883466,5.844536346309983,3.1437934274635295,13.12325881268451,9.576937950037607,7.278722466374527,6.433144522574077,100.0,112161599.0,5.8423607648587375,False,11
136,0.001,0.0926563359206206,5.949589223880712,3.2729356678978494,13.11997422677424,9.572027782317784,7.170385002893528,6.299092114419935,100.39239983477901,859323264.0,0.08990538505355963,5.84836378933318,3.168547233799689,13.12325881268451,9.576937950037607,7.27489502335133,6.408390716237918,100.0,112161599.0,5.8423607648587375,False,12
137,0.001,0.09284888869821588,5.955576925478607,3.2737706368554687,13.121241996711317,9.575440943723828,7.16566507123271,6.30167030686836,100.5609022901464,859323264.0,0.08994143020905805,5.849587653219748,3.196429392469699,13.12325881268451,9.576937950037607,7.273671159464762,6.380508557567907,100.0,112161599.0,5.8423607648587375,False,13
138,0.001,0.09244737016493879,5.94252794579013,3.265832503401188,13.119070953365101,9.565858745911946,7.176543007574971,6.300026242510758,100.32500344210382,859323264.0,0.0896419868124335,5.839677054793979,3.115448553608798,13.12325881268451,9.576937950037607,7.283581757890531,6.461489396428808,100.0,112161599.0,5.839677054793979,True,0
139,0.001,0.09276951899787578,5.952722204480862,3.2740480827946024,13.118648964909001,9.57127260958223,7.165926760428139,6.297224526787629,100.15558309238607,859323264.0,0.08971540881006905,5.842003540296745,3.1163733643365767,13.12325881268451,9.576937950037607,7.281255272387765,6.4605645857010305,100.0,112161599.0,5.839677054793979,False,1
140,0.001,0.0924514652381647,5.942393639964661,3.267528200685371,13.111853009361175,9.565972332968283,7.169459369396514,6.298444132282912,100.61177658451513,859323264.0,0.08975187764408883,5.843187341493373,3.1431380410553884,13.12325881268451,9.576937950037607,7.280071471191137,6.433799908982218,100.0,112161599.0,5.839677054793979,False,2
141,0.001,0.09262592033667712,5.948485197524893,3.269570901114345,13.115989960585505,9.56644978833018,7.167504763060612,6.296878887215835,100.72753453577494,859323264.0,0.08972039123934307,5.84219978164403,3.1263784123878264,13.12325881268451,9.576937950037607,7.2810590310404795,6.450559537649781,100.0,112161599.0,5.839677054793979,False,3
142,0.001,0.09235104984123801,5.939306236701806,3.2624776464506375,13.115474614797918,9.566786026754189,7.176168378096112,6.304308380303551,100.47434485290744,859323264.0,0.08961428798149142,5.838781130825216,3.1298650468820437,13.12325881268451,9.576937950037607,7.284477681859293,6.447072903155563,100.0,112161599.0,5.838781130825216,True,0
143,0.001,0.09261967122511017,5.948067702816808,3.268738387722737,13.114941857428132,9.569929595202952,7.166874154611324,6.301191207480215,100.64116067740603,859323264.0,0.08984514095642593,5.846416878696605,3.1809182431279353,13.12325881268451,9.576937950037607,7.276841933987905,6.396019706909671,100.0,112161599.0,5.838781130825216,False,1
144,0.001,0.09238904243042466,5.940402675627677,3.2653956544111438,13.115121434242477,9.568356458460782,7.1747187586148,6.302960804049638,100.84676901188674,859323264.0,0.08962698151054008,5.83920912331146,3.13495993958681,13.12325881268451,9.576937950037607,7.28404968937305,6.441978010450796,100.0,112161599.0,5.838781130825216,False,2
145,0.001,0.09250034958058517,5.944339076510267,3.2643547664386285,13.119944391448762,9.570159412674762,7.175605314938495,6.305804646236133,100.42578824177338,859323264.0,0.0897064922021681,5.841817188927376,3.122993223041515,13.12325881268451,9.576937950037607,7.281441623757134,6.453944726996092,100.0,112161599.0,5.838781130825216,False,3
146,0.001,0.0926202206261095,5.948112750562899,3.267810620305748,13.11296272724637,9.566577915316396,7.16484997668347,6.298767295010648,100.5119785212722,859323264.0,0.0897122561261895,5.841961559123828,3.126399183199947,13.12325881268451,9.576937950037607,7.281297253560682,6.45053876683766,100.0,112161599.0,5.838781130825216,False,4
147,0.001,0.0924648727767618,5.942915340615593,3.265894750494035,13.10966066118886,9.565311222622736,7.166745320573267,6.2994164721287005,100.1765569782918,859323264.0,0.08968836311878783,5.841199947845671,3.143443220705154,13.12325881268451,9.576937950037607,7.282058864838839,6.433494729332453,100.0,112161599.0,5.838781130825216,False,5
148,0.001,0.09231394278254804,5.938392308455262,3.262540850110163,13.109633754436155,9.565750474084686,7.171241445980893,6.303209623974523,100.40051172610032,859323264.0,0.08997708008614148,5.850657814371847,3.1762732782545298,13.12325881268451,9.576937950037607,7.2726009983126625,6.400664671783077,100.0,112161599.0,5.838781130825216,False,6
149,0.001,0.09239592734128017,5.941107758769117,3.2624110438955833,13.115031668147882,9.567056377284347,7.1739239093787655,6.3046453333887635,100.50432557712607,859323264.0,0.08974714443255007,5.843133939506812,3.151898708777324,13.12325881268451,9.576937950037607,7.280124873177698,6.425039241260283,100.0,112161599.0,5.838781130825216,False,7
150,0.001,0.09238745804422052,5.94093859674864,3.2653157694564636,13.119430476161062,9.57312866022908,7.178491879412422,6.307812890772617,100.2045986506953,859323264.0,0.08959037984271398,5.837998144051074,3.114141175448114,13.12325881268451,9.576937950037607,7.285260668633436,6.462796774589493,100.0,112161599.0,5.837998144051074,True,0
151,0.001,0.09229790978407194,5.937882641437558,3.261026057680431,13.108567572829717,9.56451714019929,7.170684931392159,6.30349108251886,100.54491945477075,859323264.0,0.08969308942388952,5.841329860799679,3.1398249558211093,13.12325881268451,9.576937950037607,7.281928951884831,6.4371129942164975,100.0,112161599.0,5.837998144051074,False,1
152,0.001,0.09204188373251633,5.929476756823959,3.255342565850748,13.116576134790282,9.568763361793495,7.187099377966323,6.313420795942747,100.44052044609666,859323264.0,0.08964126871040698,5.839708429353479,3.1698882291924173,13.12325881268451,9.576937950037607,7.283550383331031,6.4070497208451895,100.0,112161599.0,5.837998144051074,False,2
153,0.001,0.09252633848576293,5.945151601351571,3.26602536999394,13.116975902318938,9.56774346155721,7.171824300967367,6.30171809156327,100.4126164578457,859323264.0,0.0897709998521912,5.843888794146197,3.1644034158250545,13.12325881268451,9.576937950037607,7.279370018538312,6.412534534212552,100.0,112161599.0,5.837998144051074,False,3
154,0.001,0.09244982685439737,5.9427367693088105,3.2652984836158234,13.11330325306254,9.569334032948978,7.1705664837537295,6.304035549333155,100.18543760613153,859323264.0,0.08943293593154195,5.8328305200443555,3.1155271065634507,13.12325881268451,9.576937950037607,7.290428292640154,6.461410843474156,100.0,112161599.0,5.8328305200443555,True,0
